,trial,run,judgment,num_sims,num_looks
0,1,0,1,1,1
1,1,1,1,1,1
2,1,2,1,1,0
3,1,3,1,1,2
4,1,4,1,1,2
5,1,5,1,1,1
6,1,6,1,1,0
7,1,7,1,1,1
8,1,8,1,2,3
9,1,9,1,4,5
10,1,10,1,1,1
11,1,11,1,1,1
12,1,12,1,1,1
13,1,13,1,2,3
14,1,14,1,2,4
15,1,15,1,1,1
16,1,16,1,2,2
17,1,17,1,1,1
18,1,18,1,1,0
19,1,19,1,1,2
20,1,20,1,1,0
21,1,21,1,2,5
22,1,22,1,2,1
23,1,23,1,4,3
24,1,24,1,2,2
25,1,25,1,2,2
26,1,26,1,2,4
27,1,27,1,1,1
28,1,28,1,1,0
29,1,29,1,1,2
30,2,0,2,4,7
31,2,1,2,5,6
32,2,2,2,2,4
33,2,3,2,3,5
34,2,4,2,4,6
35,2,5,2,2,5
36,2,6,2,5,5
37,2,7,2,2,3
38,2,8,2,2,4
39,2,9,2,2,2
40,2,10,2,3,5
41,2,11,2,4,7
42,2,12,2,2,5
43,2,13,2,2,5
44,2,14,2,2,4
45,2,15,2,2,3
46,2,16,2,3,5
47,2,17,2,3,4
48,2,18,2,3,4
49,2,19,2,5,11
50,2,20,2,3,5
51,2,21,2,3,2
52,2,22,2,2,4
53,2,23,2,2,4
54,2,24,2,2,4
55,2,25,2,2,2
56,2,26,2,2,4
57,2,27,2,3,3
58,2,28,2,3,6
59,2,29,2,2,3
60,3,0,1,2,3
61,3,1,1,1,2
62,3,2,1,1,0
63,3,3,1,1,2
64,3,4,1,1,1
65,3,5,1,1,1
66,3,6,1,1,2
67,3,7,1,4,6
68,3,8,1,2,3
69,3,9,1,1,0
70,3,10,1,4,4
71,3,11,1,1,1
72,3,12,1,2,3
73,3,13,1,1,2
74,3,14,0,2,2
75,3,15,1,1,1
76,3,16,1,1,0
77,3,17,1,1,2
78,3,18,1,1,1
79,3,19,1,1,0
80,3,20,1,1,2
81,3,21,1,1,0
82,3,22,1,2,1
83,3,23,0,2,1
84,3,24,1,1,1
85,3,25,1,1,2
86,3,26,1,1,2
87,3,27,1,1,1
88,3,28,1,3,3
89,3,29,1,1,1
90,4,0,2,1,2
91,4,1,2,1,1
92,4,2,2,3,8
93,4,3,2,1,1
94,4,4,2,1,2
95,4,5,2,2,4
96,4,6,2,1,2
97,4,7,2,2,4
98,4,8,2,2,6
99,4,9,2,1,1
100,4,10,2,2,5
101,4,11,2,2,3
102,4,12,2,1,0
103,4,13,2,1,0
104,4,14,2,1,1
105,4,15,2,4,6
106,4,16,2,1,1
107,4,17,2,1,0
108,4,18,2,3,6
109,4,19,2,5,9
110,4,20,2,1,0
111,4,21,2,3,5
112,4,22,2,1,1
113,4,23,2,1,0
114,4,24,2,2,5
115,4,25,2,1,2
116,4,26,2,2,6
117,4,27,2,1,2
118,4,28,2,1,2
119,4,29,2,2,1
120,5,0,1,35,66
121,5,1,1,3,2
122,5,2,1,3,5
123,5,3,1,5,9
124,5,4,1,34,60
125,5,5,1,3,6
126,5,6,1,10,19
127,5,7,1,26,53
128,5,8,1,33,67
129,5,9,1,36,66
130,5,10,1,3,5
131,5,11,1,8,13
132,5,12,1,3,6
133,5,13,1,7,14
134,5,14,1,3,6
135,5,15,1,3,7
136,5,16,1,4,5
137,5,17,1,3,6
138,5,18,1,16,27
139,5,19,1,37,63
140,5,20,1,10,19
141,5,21,1,3,7
142,5,22,1,6,10
143,5,23,1,10,19
144,5,24,1,3,4
145,5,25,1,15,28
146,5,26,1,9,14
147,5,27,1,3,3
148,5,28,1,39,61
149,5,29,1,5,10
150,6,0,0,4,6
151,6,1,0,1,2
152,6,2,0,1,2
153,6,3,1,3,7
154,6,4,1,3,4
155,6,5,0,4,9
156,6,6,1,6,13
157,6,7,0,1,2
158,6,8,0,2,5
159,6,9,0,1,3
160,6,10,0,2,3
161,6,11,0,1,4
162,6,12,0,1,2
163,6,13,1,4,5
164,6,14,1,13,29
165,6,15,0,1,3
166,6,16,0,5,8
167,6,17,0,1,2
168,6,18,0,2,4
169,6,19,0,2,6
170,6,20,0,1,2
171,6,21,0,3,6
172,6,22,1,3,7
173,6,23,1,3,9
174,6,24,0,1,1
175,6,25,0,1,2
176,6,26,1,3,5
177,6,27,0,1,3
178,6,28,0,7,12
179,6,29,0,5,8
180,7,0,2,3,6
181,7,1,2,2,3
182,7,2,2,4,9
183,7,3,2,2,6
184,7,4,2,3,8
185,7,5,2,4,7
186,7,6,2,2,4
187,7,7,2,3,6
188,7,8,2,3,6
189,7,9,2,4,8
190,7,10,2,1,4
191,7,11,2,2,2
192,7,12,2,2,2
193,7,13,2,2,3
194,7,14,2,4,8
195,7,15,2,2,3
196,7,16,2,2,5
197,7,17,2,1,3
198,7,18,2,3,4
199,7,19,2,4,9
200,7,20,2,4,8
201,7,21,2,2,4
202,7,22,2,4,10
203,7,23,2,2,2
204,7,24,2,2,3
205,7,25,2,1,4
206,7,26,2,1,2
207,7,27,2,1,2
208,7,28,2,1,3
209,7,29,2,3,6
210,8,0,0,1,1
211,8,1,0,5,10
212,8,2,0,1,2
213,8,3,0,1,2
214,8,4,0,1,1
215,8,5,0,1,1
216,8,6,0,2,3
217,8,7,0,2,4
218,8,8,0,9,18
219,8,9,0,1,1
220,8,10,0,2,4
221,8,11,0,1,1
222,8,12,0,2,4
223,8,13,0,1,3
224,8,14,0,2,3
225,8,15,0,2,3
226,8,16,0,2,4
227,8,17,0,1,3
228,8,18,0,1,0
229,8,19,0,4,10
230,8,20,0,2,4
231,8,21,0,2,4
232,8,22,0,1,3
233,8,23,0,2,4
234,8,24,0,2,4
235,8,25,0,3,5
236,8,26,0,1,3
237,8,27,0,6,14
238,8,28,0,4,9
239,8,29,0,5,8
240,9,0,0,1,2
241,9,1,0,1,2
242,9,2,0,1,1
243,9,3,0,1,4
244,9,4,0,1,2
245,9,5,0,1,1
246,9,6,0,1,3
247,9,7,0,1,3
248,9,8,0,2,4
249,9,9,0,1,1
250,9,10,0,1,2
251,9,11,0,1,2
252,9,12,0,1,2
253,9,13,0,1,3
254,9,14,0,1,2
255,9,15,0,1,2
256,9,16,0,1,3
257,9,17,0,1,2
258,9,18,0,1,1
259,9,19,0,3,4
260,9,20,0,1,3
261,9,21,0,1,1
262,9,22,0,1,2
263,9,23,0,1,2
264,9,24,0,1,1
265,9,25,0,1,2
266,9,26,0,1,1
267,9,27,0,1,3
268,9,28,0,1,3
269,9,29,0,1,2
270,10,0,2,15,25
271,10,1,2,7,13
272,10,2,2,8,9
273,10,3,2,2,2
274,10,4,2,13,19
275,10,5,2,2,4
276,10,6,2,7,10
277,10,7,2,18,25
278,10,8,2,2,3
279,10,9,0,1,1
280,10,10,2,25,36
281,10,11,2,4,6
282,10,12,2,3,5
283,10,13,2,5,9
284,10,14,2,6,8
285,10,15,0,1,1
286,10,16,2,2,4
287,10,17,2,2,6
288,10,18,2,4,8
289,10,19,2,2,5
290,10,20,2,23,36
291,10,21,2,8,11
292,10,22,2,22,33
293,10,23,2,11,15
294,10,24,2,2,3
295,10,25,1,4,6
296,10,26,2,39,62
297,10,27,2,5,8
298,10,28,2,2,4
299,10,29,2,3,4
300,11,0,2,2,5
301,11,1,2,2,5
302,11,2,2,2,2
303,11,3,2,2,6
304,11,4,2,2,4
305,11,5,2,3,7
306,11,6,2,2,4
307,11,7,2,2,7
308,11,8,2,3,4
309,11,9,2,2,3
310,11,10,2,2,6
311,11,11,2,2,5
312,11,12,2,3,5
313,11,13,2,2,6
314,11,14,2,2,3
315,11,15,2,2,2
316,11,16,2,2,5
317,11,17,2,2,5
318,11,18,2,2,3
319,11,19,2,2,4
320,11,20,2,2,4
321,11,21,2,2,6
322,11,22,2,2,3
323,11,23,2,2,6
324,11,24,2,3,6
325,11,25,2,2,3
326,11,26,2,2,5
327,11,27,2,2,4
328,11,28,2,2,5
329,11,29,2,3,5
330,12,0,0,1,1
331,12,1,0,1,3
332,12,2,0,1,2
333,12,3,0,1,3
334,12,4,0,1,1
335,12,5,0,2,5
336,12,6,0,1,3
337,12,7,0,5,10
338,12,8,0,1,1
339,12,9,0,4,8
340,12,10,0,4,6
341,12,11,0,6,8
342,12,12,0,2,3
343,12,13,0,1,3
344,12,14,0,3,5
345,12,15,0,3,3
346,12,16,0,2,4
347,12,17,0,1,2
348,12,18,0,1,2
349,12,19,0,2,3
350,12,20,0,1,2
351,12,21,0,1,1
352,12,22,0,1,3
353,12,23,0,2,5
354,12,24,0,5,10
355,12,25,0,1,3
356,12,26,0,6,8
357,12,27,0,9,15
358,12,28,0,4,6
359,12,29,0,1,2
360,13,0,0,14,34
361,13,1,0,1,2
362,13,2,0,1,4
363,13,3,1,3,6
364,13,4,1,3,7
365,13,5,0,1,4
366,13,6,1,3,5
367,13,7,0,1,3
368,13,8,1,3,4
369,13,9,0,2,5
370,13,10,0,1,2
371,13,11,1,3,7
372,13,12,0,4,8
373,13,13,0,11,24
374,13,14,0,31,69
375,13,15,0,1,2
376,13,16,0,7,13
377,13,17,1,4,6
378,13,18,0,3,6
379,13,19,1,3,6
380,13,20,0,15,24
381,13,21,0,15,31
382,13,22,0,1,3
383,13,23,0,7,15
384,13,24,0,11,22
385,13,25,0,2,4
386,13,26,1,3,4
387,13,27,0,11,22
388,13,28,0,34,68
389,13,29,1,3,9
390,14,0,2,4,7
391,14,1,2,5,7
392,14,2,2,2,3
393,14,3,2,3,6
394,14,4,2,2,5
395,14,5,2,2,4
396,14,6,2,3,7
397,14,7,2,3,7
398,14,8,2,2,5
399,14,9,2,13,26
400,14,10,2,2,6
401,14,11,2,2,5
402,14,12,2,2,5
403,14,13,2,2,3
404,14,14,2,2,3
405,14,15,2,3,5
406,14,16,2,2,5
407,14,17,2,2,5
408,14,18,2,2,4
409,14,19,2,2,4
410,14,20,2,3,5
411,14,21,2,2,6
412,14,22,2,2,2
413,14,23,2,2,4
414,14,24,2,3,7
415,14,25,2,2,4
416,14,26,2,2,5
417,14,27,2,4,6
418,14,28,2,2,4
419,14,29,2,2,5
420,15,0,0,1,1
421,15,1,0,1,1
422,15,2,0,1,0
423,15,3,1,3,4
424,15,4,0,2,2
425,15,5,0,1,1
426,15,6,0,1,1
427,15,7,0,1,1
428,15,8,0,1,2
429,15,9,0,2,1
430,15,10,0,2,1
431,15,11,0,1,2
432,15,12,0,1,0
433,15,13,0,1,2
434,15,14,0,1,0
435,15,15,0,1,1
436,15,16,0,1,1
437,15,17,0,4,4
438,15,18,0,1,0
439,15,19,0,1,2
440,15,20,0,1,0
441,15,21,0,1,2
442,15,22,0,1,2
443,15,23,0,1,1
444,15,24,0,1,1
445,15,25,1,4,6
446,15,26,0,1,1
447,15,27,0,1,1
448,15,28,0,2,1
449,15,29,0,4,5
450,16,0,1,3,5
451,16,1,1,4,7
452,16,2,1,3,5
453,16,3,1,13,23
454,16,4,1,9,17
455,16,5,1,8,13
456,16,6,1,4,7
457,16,7,1,3,6
458,16,8,1,5,10
459,16,9,1,13,27
460,16,10,1,3,5
461,16,11,1,6,14
462,16,12,1,6,12
463,16,13,1,3,7
464,16,14,1,9,17
465,16,15,1,3,8
466,16,16,1,9,19
467,16,17,1,5,11
468,16,18,1,3,4
469,16,19,1,14,21
470,16,20,1,3,3
471,16,21,1,7,8
472,16,22,1,5,12
473,16,23,1,4,8
474,16,24,1,12,28
475,16,25,1,9,19
476,16,26,1,4,9
477,16,27,1,5,8
478,16,28,1,5,12
479,16,29,1,7,15
480,17,0,0,1,2
481,17,1,0,7,14
482,17,2,0,2,4
483,17,3,0,2,5
484,17,4,0,3,5
485,17,5,0,3,4
486,17,6,0,15,15
487,17,7,0,6,13
488,17,8,0,3,4
489,17,9,0,9,12
490,17,10,0,12,22
491,17,11,0,6,9
492,17,12,0,5,9
493,17,13,0,1,3
494,17,14,0,1,3
495,17,15,0,1,2
496,17,16,0,2,3
497,17,17,0,1,2
498,17,18,0,23,40
499,17,19,0,9,13
500,17,20,0,13,21
501,17,21,0,1,1
502,17,22,0,5,8
503,17,23,0,17,30
504,17,24,0,6,11
505,17,25,0,4,8
506,17,26,0,20,30
507,17,27,0,4,6
508,17,28,0,19,33
509,17,29,0,2,3
510,18,0,1,33,69
511,18,1,1,37,64
512,18,2,1,3,8
513,18,3,1,13,19
514,18,4,1,11,18
515,18,5,1,38,63
516,18,6,1,14,23
517,18,7,1,41,59
518,18,8,1,39,62
519,18,9,1,3,4
520,18,10,1,3,3
521,18,11,1,3,6
522,18,12,1,14,19
523,18,13,1,3,5
524,18,14,1,17,32
525,18,15,1,3,4
526,18,16,1,42,58
527,18,17,1,3,5
528,18,18,1,8,12
529,18,19,1,7,6
530,18,20,1,6,9
531,18,21,1,3,4
532,18,22,1,18,27
533,18,23,1,31,44
534,18,24,1,7,10
535,18,25,1,4,10
536,18,26,1,12,19
537,18,27,1,3,7
538,18,28,1,7,15
539,18,29,1,18,31
540,19,0,0,1,1
541,19,1,0,2,3
542,19,2,0,2,4
543,19,3,0,1,1
544,19,4,0,1,1
545,19,5,0,2,5
546,19,6,0,1,0
547,19,7,0,2,1
548,19,8,0,1,1
549,19,9,1,3,7
550,19,10,0,2,3
551,19,11,0,1,1
552,19,12,0,1,2
553,19,13,0,1,2
554,19,14,0,1,1
555,19,15,0,1,2
556,19,16,0,2,3
557,19,17,0,1,1
558,19,18,0,1,1
559,19,19,0,2,1
560,19,20,0,2,4
561,19,21,0,1,2
562,19,22,0,1,1
563,19,23,0,5,8
564,19,24,0,2,2
565,19,25,0,1,1
566,19,26,0,1,2
567,19,27,0,4,6
568,19,28,0,1,0
569,19,29,0,1,1
570,20,0,0,1,0
571,20,1,0,1,2
572,20,2,0,1,3
573,20,3,0,4,8
574,20,4,0,1,2
575,20,5,0,3,5
576,20,6,0,1,3
577,20,7,0,1,1
578,20,8,0,1,1
579,20,9,0,1,3
580,20,10,0,1,2
581,20,11,0,1,1
582,20,12,0,1,2
583,20,13,0,1,2
584,20,14,0,2,4
585,20,15,0,1,2
586,20,16,0,5,10
587,20,17,0,1,2
588,20,18,0,2,4
589,20,19,0,1,2
590,20,20,0,1,1
591,20,21,0,1,2
592,20,22,0,5,9
593,20,23,0,1,3
594,20,24,0,5,6
595,20,25,0,1,1
596,20,26,0,1,2
597,20,27,0,1,2
598,20,28,0,1,2
599,20,29,0,1,3
600,21,0,1,2,4
601,21,1,1,2,3
602,21,2,1,1,1
603,21,3,1,2,3
604,21,4,1,2,4
605,21,5,1,2,4
606,21,6,1,2,2
607,21,7,1,1,0
608,21,8,1,1,1
609,21,9,1,1,2
610,21,10,1,2,3
611,21,11,1,1,1
612,21,12,1,1,0
613,21,13,1,2,2
614,21,14,1,1,1
615,21,15,1,1,2
616,21,16,1,1,1
617,21,17,1,1,1
618,21,18,1,1,1
619,21,19,1,5,5
620,21,20,1,2,3
621,21,21,1,1,2
622,21,22,1,2,4
623,21,23,1,2,4
624,21,24,1,4,7
625,21,25,1,2,3
626,21,26,1,1,0
627,21,27,1,4,7
628,21,28,1,1,1
629,21,29,1,2,3
630,22,0,1,5,11
631,22,1,1,3,6
632,22,2,1,3,7
633,22,3,2,2,5
634,22,4,1,3,5
635,22,5,1,4,9
636,22,6,1,3,4
637,22,7,1,4,12
638,22,8,1,3,7
639,22,9,1,4,8
640,22,10,1,3,6
641,22,11,1,3,6
642,22,12,1,3,4
643,22,13,1,3,4
644,22,14,2,2,3
645,22,15,1,3,6
646,22,16,1,5,13
647,22,17,1,5,11
648,22,18,2,2,3
649,22,19,1,3,7
650,22,20,1,3,6
651,22,21,1,3,4
652,22,22,2,2,4
653,22,23,2,2,5
654,22,24,2,2,3
655,22,25,1,3,8
656,22,26,1,3,9
657,22,27,2,2,5
658,22,28,1,3,5
659,22,29,2,2,2
660,23,0,2,5,13
661,23,1,2,3,4
662,23,2,2,2,2
663,23,3,2,2,6
664,23,4,2,2,6
665,23,5,2,4,9
666,23,6,2,5,8
667,23,7,2,3,6
668,23,8,2,2,3
669,23,9,2,2,5
670,23,10,2,2,5
671,23,11,2,2,5
672,23,12,2,6,11
673,23,13,2,11,22
674,23,14,2,8,15
675,23,15,2,2,3
676,23,16,2,4,8
677,23,17,2,2,4
678,23,18,2,2,3
679,23,19,2,2,4
680,23,20,2,2,1
681,23,21,2,3,7
682,23,22,2,4,7
683,23,23,2,4,4
684,23,24,2,7,17
685,23,25,2,4,9
686,23,26,2,3,7
687,23,27,2,4,7
688,23,28,2,4,10
689,23,29,2,8,16
690,24,0,2,1,1
691,24,1,2,1,1
692,24,2,2,1,1
693,24,3,2,1,0
694,24,4,2,2,4
695,24,5,2,1,1
696,24,6,2,4,10
697,24,7,2,2,5
698,24,8,2,2,4
699,24,9,2,2,5
700,24,10,2,1,0
701,24,11,2,1,1
702,24,12,2,1,2
703,24,13,2,3,3
704,24,14,2,1,0
705,24,15,2,1,0
706,24,16,2,2,4
707,24,17,2,4,6
708,24,18,2,2,3
709,24,19,2,1,1
710,24,20,2,2,5
711,24,21,2,2,5
712,24,22,2,1,2
713,24,23,2,1,1
714,24,24,2,1,0
715,24,25,2,1,1
716,24,26,2,1,0
717,24,27,2,2,6
718,24,28,2,1,2
719,24,29,2,4,8
720,25,0,1,3,4
721,25,1,1,3,8
722,25,2,1,1,2
723,25,3,2,2,3
724,25,4,2,2,5
725,25,5,2,2,4
726,25,6,2,4,5
727,25,7,2,2,4
728,25,8,1,5,13
729,25,9,2,2,3
730,25,10,1,3,4
731,25,11,1,4,12
732,25,12,1,4,11
733,25,13,2,3,6
734,25,14,2,7,14
735,25,15,1,3,5
736,25,16,2,2,3
737,25,17,1,3,7
738,25,18,1,3,7
739,25,19,1,2,4
740,25,20,1,6,13
741,25,21,2,4,9
742,25,22,2,2,3
743,25,23,2,2,2
744,25,24,2,2,3
745,25,25,2,5,10
746,25,26,1,3,6
747,25,27,1,4,12
748,25,28,1,5,10
749,25,29,1,1,3
750,26,0,2,2,4
751,26,1,2,1,1
752,26,2,2,1,2
753,26,3,2,2,3
754,26,4,2,1,1
755,26,5,2,1,1
756,26,6,2,1,0
757,26,7,2,1,1
758,26,8,2,1,1
759,26,9,2,1,2
760,26,10,2,2,3
761,26,11,2,1,1
762,26,12,2,1,2
763,26,13,2,1,1
764,26,14,2,4,7
765,26,15,2,1,2
766,26,16,2,1,1
767,26,17,2,4,7
768,26,18,2,1,1
769,26,19,2,1,2
770,26,20,2,1,1
771,26,21,2,1,1
772,26,22,2,1,0
773,26,23,2,1,1
774,26,24,2,1,0
775,26,25,2,1,0
776,26,26,2,4,5
777,26,27,2,2,3
778,26,28,2,1,1
779,26,29,2,2,3
780,27,0,2,1,1
781,27,1,2,1,0
782,27,2,2,1,0
783,27,3,2,1,1
784,27,4,2,1,1
785,27,5,2,1,1
786,27,6,2,3,3
787,27,7,2,1,1
788,27,8,2,3,7
789,27,9,2,1,1
790,27,10,2,4,10
791,27,11,2,2,3
792,27,12,2,2,3
793,27,13,2,1,0
794,27,14,2,1,1
795,27,15,2,1,1
796,27,16,2,1,2
797,27,17,2,2,4
798,27,18,2,1,1
799,27,19,2,1,2
800,27,20,2,1,2
801,27,21,2,4,5
802,27,22,2,1,1
803,27,23,2,1,2
804,27,24,2,2,4
805,27,25,2,1,1
806,27,26,2,1,1
807,27,27,2,1,1
808,27,28,2,1,1
809,27,29,2,1,1
810,28,0,1,4,7
811,28,1,1,4,6
812,28,2,1,3,5
813,28,3,1,5,9
814,28,4,1,3,5
815,28,5,1,6,11
816,28,6,1,20,29
817,28,7,1,3,3
818,28,8,1,4,6
819,28,9,1,14,21
820,28,10,1,9,16
821,28,11,1,4,8
822,28,12,1,15,21
823,28,13,1,7,12
824,28,14,1,3,4
825,28,15,1,3,6
826,28,16,1,6,10
827,28,17,1,3,6
828,28,18,1,13,21
829,28,19,1,7,14
830,28,20,1,8,7
831,28,21,1,4,5
832,28,22,1,3,5
833,28,23,1,3,4
834,28,24,1,3,5
835,28,25,1,5,10
836,28,26,1,3,3
837,28,27,1,3,6
838,28,28,1,3,4
839,28,29,1,12,20
840,29,0,0,43,58
841,29,1,0,6,6
842,29,2,0,1,1
843,29,3,0,43,49
844,29,4,0,5,10
845,29,5,0,5,7
846,29,6,0,4,6
847,29,7,0,2,5
848,29,8,0,2,1
849,29,9,0,44,59
850,29,10,0,40,63
851,29,11,0,43,57
852,29,12,0,40,61
853,29,13,0,45,50
854,29,14,0,3,4
855,29,15,0,36,51
856,29,16,0,14,19
857,29,17,0,42,51
858,29,18,0,8,11
859,29,19,0,5,7
860,29,20,0,2,5
861,29,21,0,13,12
862,29,22,0,1,2
863,29,23,0,7,9
864,29,24,0,40,54
865,29,25,0,1,1
866,29,26,0,4,5
867,29,27,0,9,14
868,29,28,0,4,4
869,29,29,0,5,6
870,30,0,1,9,9
871,30,1,1,1,1
872,30,2,1,1,0
873,30,3,1,1,0
874,30,4,1,1,0
875,30,5,1,1,2
876,30,6,1,5,8
877,30,7,1,1,1
878,30,8,1,3,4
879,30,9,1,1,0
880,30,10,1,1,1
881,30,11,1,2,2
882,30,12,0,3,4
883,30,13,1,1,1
884,30,14,1,2,4
885,30,15,1,1,1
886,30,16,1,1,1
887,30,17,1,6,11
888,30,18,1,1,1
889,30,19,1,1,2
890,30,20,1,1,2
891,30,21,1,1,0
892,30,22,1,1,1
893,30,23,1,1,1
894,30,24,1,6,8
895,30,25,1,1,2
896,30,26,1,1,1
897,30,27,1,1,2
898,30,28,1,1,1
899,30,29,1,1,1
900,31,0,0,3,3
901,31,1,0,29,51
902,31,2,0,8,16
903,31,3,0,2,6
904,31,4,0,8,15
905,31,5,0,7,10
906,31,6,0,7,12
907,31,7,0,1,3
908,31,8,0,8,13
909,31,9,0,2,4
910,31,10,0,10,18
911,31,11,0,3,5
912,31,12,0,4,7
913,31,13,0,3,4
914,31,14,0,6,9
915,31,15,0,7,13
916,31,16,0,8,15
917,31,17,0,1,2
918,31,18,0,12,21
919,31,19,0,2,6
920,31,20,0,1,1
921,31,21,0,1,2
922,31,22,0,38,62
923,31,23,0,2,4
924,31,24,0,5,10
925,31,25,0,2,3
926,31,26,0,4,7
927,31,27,0,1,1
928,31,28,0,7,12
929,31,29,0,1,2
930,32,0,1,2,4
931,32,1,1,1,0
932,32,2,1,1,0
933,32,3,1,1,1
934,32,4,1,4,5
935,32,5,1,1,1
936,32,6,1,1,0
937,32,7,1,2,3
938,32,8,1,1,1
939,32,9,2,3,2
940,32,10,1,4,8
941,32,11,1,1,1
942,32,12,1,4,5
943,32,13,2,3,5
944,32,14,1,1,1
945,32,15,1,1,2
946,32,16,1,1,1
947,32,17,1,1,2
948,32,18,1,2,4
949,32,19,1,1,1
950,32,20,1,1,0
951,32,21,1,1,0
952,32,22,1,1,1
953,32,23,1,1,1
954,32,24,1,1,1
955,32,25,1,1,0
956,32,26,1,1,0
957,32,27,1,1,0
958,32,28,1,1,1
959,32,29,1,2,3
960,33,0,1,2,4
961,33,1,1,1,0
962,33,2,1,3,5
963,33,3,1,1,0
964,33,4,1,4,7
965,33,5,1,1,2
966,33,6,1,4,6
967,33,7,1,2,5
968,33,8,1,2,5
969,33,9,1,1,0
970,33,10,1,1,1
971,33,11,1,1,0
972,33,12,1,2,3
973,33,13,1,1,1
974,33,14,1,1,0
975,33,15,1,1,0
976,33,16,1,1,1
977,33,17,1,1,1
978,33,18,1,1,1
979,33,19,1,1,0
980,33,20,1,1,2
981,33,21,1,3,6
982,33,22,1,1,2
983,33,23,1,2,3
984,33,24,1,1,0
985,33,25,1,1,2
986,33,26,1,1,2
987,33,27,1,1,2
988,33,28,1,1,2
989,33,29,1,1,2
990,34,0,0,2,3
991,34,1,0,3,7
992,34,2,0,2,4
993,34,3,0,5,8
994,34,4,0,1,1
995,34,5,0,5,10
996,34,6,0,8,13
997,34,7,0,5,6
998,34,8,0,1,2
999,34,9,0,2,6
1000,34,10,0,1,2
1001,34,11,0,4,7
1002,34,12,0,1,1
1003,34,13,0,2,4
1004,34,14,0,2,4
1005,34,15,0,3,6
1006,34,16,0,1,2
1007,34,17,0,8,16
1008,34,18,0,2,4
1009,34,19,0,2,5
1010,34,20,0,3,3
1011,34,21,0,2,3
1012,34,22,0,2,4
1013,34,23,0,5,5
1014,34,24,0,1,4
1015,34,25,0,1,1
1016,34,26,0,2,5
1017,34,27,0,1,3
1018,34,28,0,2,3
1019,34,29,0,3,2
1020,35,0,0,2,6
1021,35,1,2,32,68
1022,35,2,1,32,69
1023,35,3,0,9,23
1024,35,4,1,30,72
1025,35,5,1,28,73
1026,35,6,1,29,71
1027,35,7,1,31,70
1028,35,8,1,29,72
1029,35,9,2,27,73
1030,35,10,1,30,70
1031,35,11,1,30,71
1032,35,12,2,32,69
1033,35,13,2,32,68
1034,35,14,0,1,2
1035,35,15,1,28,73
1036,35,16,1,30,70
1037,35,17,0,1,1
1038,35,18,1,29,74
1039,35,19,1,33,68
1040,35,20,2,29,71
1041,35,21,1,32,70
1042,35,22,1,30,70
1043,35,23,2,29,72
1044,35,24,1,29,73
1045,35,25,0,7,17
1046,35,26,1,30,74
1047,35,27,1,29,71
1048,35,28,1,28,74
1049,35,29,1,32,71
1050,36,0,2,3,5
1051,36,1,2,2,5
1052,36,2,2,2,7
1053,36,3,2,2,4
1054,36,4,2,2,5
1055,36,5,2,2,4
1056,36,6,2,2,3
1057,36,7,2,2,2
1058,36,8,2,2,5
1059,36,9,2,3,5
1060,36,10,2,2,3
1061,36,11,2,2,4
1062,36,12,2,2,7
1063,36,13,2,2,2
1064,36,14,2,3,6
1065,36,15,2,2,2
1066,36,16,2,2,5
1067,36,17,2,2,5
1068,36,18,2,2,4
1069,36,19,2,2,2
1070,36,20,2,2,6
1071,36,21,2,2,3
1072,36,22,2,2,5
1073,36,23,2,3,5
1074,36,24,2,2,4
1075,36,25,2,3,7
1076,36,26,2,2,4
1077,36,27,2,2,2
1078,36,28,2,3,5
1079,36,29,2,2,2
1080,37,0,0,2,4
1081,37,1,0,1,3
1082,37,2,0,1,3
1083,37,3,0,2,6
1084,37,4,0,2,1
1085,37,5,0,2,1
1086,37,6,1,5,9
1087,37,7,0,2,6
1088,37,8,0,30,72
1089,37,9,0,1,2
1090,37,10,0,1,3
1091,37,11,0,1,3
1092,37,12,0,1,3
1093,37,13,1,3,5
1094,37,14,0,27,73
1095,37,15,0,2,3
1096,37,16,1,2,4
1097,37,17,0,2,5
1098,37,18,1,3,4
1099,37,19,0,2,4
1100,37,20,0,2,2
1101,37,21,0,1,2
1102,37,22,0,1,2
1103,37,23,0,2,4
1104,37,24,1,2,6
1105,37,25,1,3,5
1106,37,26,0,1,2
1107,37,27,0,8,18
1108,37,28,0,1,2
1109,37,29,1,1,4
1110,38,0,2,2,4
1111,38,1,2,2,6
1112,38,2,2,4,10
1113,38,3,2,5,9
1114,38,4,2,2,5
1115,38,5,2,5,7
1116,38,6,2,2,3
1117,38,7,2,4,4
1118,38,8,2,4,7
1119,38,9,2,2,1
1120,38,10,2,2,4
1121,38,11,2,4,7
1122,38,12,2,4,6
1123,38,13,2,2,6
1124,38,14,2,3,6
1125,38,15,2,2,5
1126,38,16,2,4,7
1127,38,17,2,2,2
1128,38,18,2,5,12
1129,38,19,2,5,10
1130,38,20,2,2,6
1131,38,21,2,2,4
1132,38,22,2,2,4
1133,38,23,2,2,5
1134,38,24,2,15,24
1135,38,25,2,2,4
1136,38,26,2,2,5
1137,38,27,2,2,6
1138,38,28,2,10,14
1139,38,29,2,4,8
1140,39,0,0,2,2
1141,39,1,1,1,1
1142,39,2,1,1,1
1143,39,3,1,1,0
1144,39,4,0,38,64
1145,39,5,1,1,0
1146,39,6,0,5,10
1147,39,7,0,1,1
1148,39,8,1,1,1
1149,39,9,1,1,2
1150,39,10,0,4,4
1151,39,11,1,4,8
1152,39,12,1,2,2
1153,39,13,0,3,5
1154,39,14,0,4,6
1155,39,15,0,2,3
1156,39,16,0,6,11
1157,39,17,1,1,2
1158,39,18,1,1,0
1159,39,19,1,1,0
1160,39,20,1,1,1
1161,39,21,1,1,1
1162,39,22,0,4,5
1163,39,23,1,1,1
1164,39,24,0,2,2
1165,39,25,1,1,1
1166,39,26,0,13,26
1167,39,27,1,1,0
1168,39,28,0,3,6
1169,39,29,1,1,2
1170,40,0,0,1,0
1171,40,1,0,2,3
1172,40,2,0,7,13
1173,40,3,0,1,1
1174,40,4,0,1,3
1175,40,5,0,1,2
1176,40,6,0,1,2
1177,40,7,0,2,4
1178,40,8,0,1,4
1179,40,9,0,1,2
1180,40,10,0,2,4
1181,40,11,0,3,2
1182,40,12,0,4,5
1183,40,13,0,1,3
1184,40,14,0,1,1
1185,40,15,0,1,4
1186,40,16,0,1,1
1187,40,17,0,6,12
1188,40,18,0,1,3
1189,40,19,0,1,2
1190,40,20,0,1,1
1191,40,21,0,1,3
1192,40,22,0,4,11
1193,40,23,0,2,2
1194,40,24,0,1,2
1195,40,25,0,2,7
1196,40,26,0,1,0
1197,40,27,0,3,7
1198,40,28,0,1,2
1199,40,29,0,1,2
1200,41,0,2,2,4
1201,41,1,2,5,10
1202,41,2,2,3,4
1203,41,3,2,2,3
1204,41,4,2,2,2
1205,41,5,2,4,6
1206,41,6,2,2,4
1207,41,7,2,2,4
1208,41,8,2,2,3
1209,41,9,2,4,10
1210,41,10,2,2,3
1211,41,11,2,2,4
1212,41,12,2,2,3
1213,41,13,2,2,3
1214,41,14,2,2,5
1215,41,15,2,3,4
1216,41,16,2,3,6
1217,41,17,2,3,5
1218,41,18,2,4,10
1219,41,19,2,5,9
1220,41,20,2,2,3
1221,41,21,2,2,6
1222,41,22,2,2,1
1223,41,23,2,3,3
1224,41,24,2,2,5
1225,41,25,2,3,3
1226,41,26,2,2,3
1227,41,27,2,3,5
1228,41,28,2,2,1
1229,41,29,2,2,3
1230,42,0,2,2,4
1231,42,1,2,5,9
1232,42,2,2,3,5
1233,42,3,2,2,5
1234,42,4,1,4,7
1235,42,5,2,2,5
1236,42,6,2,2,2
1237,42,7,2,2,4
1238,42,8,2,3,6
1239,42,9,2,2,5
1240,42,10,2,2,3
1241,42,11,2,2,4
1242,42,12,2,2,3
1243,42,13,2,2,4
1244,42,14,2,3,3
1245,42,15,2,2,4
1246,42,16,2,2,5
1247,42,17,1,6,14
1248,42,18,1,3,6
1249,42,19,2,3,6
1250,42,20,2,2,4
1251,42,21,2,4,8
1252,42,22,2,3,6
1253,42,23,2,3,5
1254,42,24,2,4,9
1255,42,25,2,2,4
1256,42,26,2,2,5
1257,42,27,2,7,15
1258,42,28,1,5,10
1259,42,29,2,2,4
1260,43,0,0,2,4
1261,43,1,0,4,8
1262,43,2,0,2,5
1263,43,3,2,3,5
1264,43,4,0,3,7
1265,43,5,2,3,5
1266,43,6,0,2,3
1267,43,7,0,2,3
1268,43,8,0,4,8
1269,43,9,0,3,7
1270,43,10,0,3,7
1271,43,11,0,2,5
1272,43,12,0,3,5
1273,43,13,0,7,16
1274,43,14,0,2,5
1275,43,15,2,3,9
1276,43,16,2,3,6
1277,43,17,0,2,5
1278,43,18,0,3,9
1279,43,19,0,2,3
1280,43,20,0,2,4
1281,43,21,0,2,4
1282,43,22,0,5,11
1283,43,23,0,3,3
1284,43,24,0,12,24
1285,43,25,0,2,4
1286,43,26,0,5,10
1287,43,27,0,2,3
1288,43,28,0,2,7
1289,43,29,0,5,11
1290,44,0,2,5,8
1291,44,1,2,2,3
1292,44,2,2,3,3
1293,44,3,2,5,12
1294,44,4,2,2,6
1295,44,5,2,4,9
1296,44,6,2,8,18
1297,44,7,2,4,8
1298,44,8,2,2,4
1299,44,9,2,3,7
1300,44,10,2,4,9
1301,44,11,2,2,5
1302,44,12,2,3,5
1303,44,13,2,2,4
1304,44,14,2,2,4
1305,44,15,2,2,4
1306,44,16,2,4,8
1307,44,17,2,3,6
1308,44,18,2,2,5
1309,44,19,2,2,5
1310,44,20,2,2,6
1311,44,21,2,2,5
1312,44,22,2,5,7
1313,44,23,2,3,6
1314,44,24,2,7,14
1315,44,25,2,5,13
1316,44,26,2,8,21
1317,44,27,2,2,3
1318,44,28,2,2,3
1319,44,29,2,1,2
1320,45,0,0,2,3
1321,45,1,0,1,2
1322,45,2,0,3,4
1323,45,3,0,1,2
1324,45,4,0,1,1
1325,45,5,0,4,8
1326,45,6,0,1,3
1327,45,7,0,1,1
1328,45,8,0,3,6
1329,45,9,0,3,6
1330,45,10,0,1,3
1331,45,11,0,1,2
1332,45,12,0,1,3
1333,45,13,0,5,8
1334,45,14,0,4,6
1335,45,15,0,1,1
1336,45,16,0,1,2
1337,45,17,0,1,0
1338,45,18,0,1,3
1339,45,19,0,1,2
1340,45,20,0,1,2
1341,45,21,0,1,3
1342,45,22,0,2,1
1343,45,23,0,2,2
1344,45,24,0,2,2
1345,45,25,0,1,2
1346,45,26,0,2,3
1347,45,27,0,2,3
1348,45,28,0,1,2
1349,45,29,0,1,2
1350,46,0,2,3,6
1351,46,1,2,1,1
1352,46,2,2,1,1
1353,46,3,2,2,4
1354,46,4,2,2,5
1355,46,5,2,1,0
1356,46,6,2,2,4
1357,46,7,2,1,1
1358,46,8,1,3,4
1359,46,9,2,1,1
1360,46,10,2,1,1
1361,46,11,2,1,0
1362,46,12,2,3,6
1363,46,13,2,1,0
1364,46,14,1,3,3
1365,46,15,2,1,1
1366,46,16,1,3,6
1367,46,17,2,2,4
1368,46,18,2,3,6
1369,46,19,2,1,1
1370,46,20,2,1,2
1371,46,21,2,2,3
1372,46,22,2,1,1
1373,46,23,2,1,0
1374,46,24,2,1,0
1375,46,25,1,4,6
1376,46,26,1,3,6
1377,46,27,2,2,4
1378,46,28,2,7,13
1379,46,29,2,1,0
1380,47,0,2,27,42
1381,47,1,2,5,7
1382,47,2,2,2,2
1383,47,3,2,4,7
1384,47,4,2,26,35
1385,47,5,2,7,14
1386,47,6,2,3,3
1387,47,7,2,4,5
1388,47,8,2,3,6
1389,47,9,2,3,5
1390,47,10,2,3,5
1391,47,11,2,19,37
1392,47,12,2,3,4
1393,47,13,2,32,61
1394,47,14,2,7,10
1395,47,15,2,6,10
1396,47,16,2,3,5
1397,47,17,2,2,2
1398,47,18,2,5,9
1399,47,19,2,4,6
1400,47,20,2,3,6
1401,47,21,2,8,13
1402,47,22,1,6,9
1403,47,23,2,14,27
1404,47,24,2,2,2
1405,47,25,2,3,6
1406,47,26,2,27,46
1407,47,27,2,3,2
1408,47,28,2,2,3
1409,47,29,2,3,5
1410,48,0,2,3,4
1411,48,1,2,36,65
1412,48,2,0,2,5
1413,48,3,2,3,6
1414,48,4,0,2,4
1415,48,5,2,4,8
1416,48,6,2,37,63
1417,48,7,0,2,5
1418,48,8,0,2,5
1419,48,9,0,2,3
1420,48,10,0,2,3
1421,48,11,2,33,67
1422,48,12,0,2,4
1423,48,13,2,33,67
1424,48,14,0,2,4
1425,48,15,0,2,4
1426,48,16,0,2,5
1427,48,17,2,3,7
1428,48,18,0,2,5
1429,48,19,2,35,67
1430,48,20,2,6,6
1431,48,21,2,3,5
1432,48,22,0,4,9
1433,48,23,2,9,15
1434,48,24,0,2,3
1435,48,25,0,2,3
1436,48,26,0,2,2
1437,48,27,2,37,64
1438,48,28,2,14,24
1439,48,29,2,19,35
1440,49,0,2,2,4
1441,49,1,2,1,2
1442,49,2,2,4,9
1443,49,3,2,2,3
1444,49,4,2,8,17
1445,49,5,2,3,4
1446,49,6,2,3,6
1447,49,7,2,1,1
1448,49,8,2,1,3
1449,49,9,2,2,5
1450,49,10,2,5,6
1451,49,11,2,5,13
1452,49,12,2,2,5
1453,49,13,2,2,2
1454,49,14,2,1,2
1455,49,15,2,1,3
1456,49,16,2,2,4
1457,49,17,2,1,3
1458,49,18,2,4,10
1459,49,19,2,1,3
1460,49,20,2,1,3
1461,49,21,2,1,2
1462,49,22,2,5,12
1463,49,23,2,3,7
1464,49,24,2,1,1
1465,49,25,2,4,9
1466,49,26,2,1,1
1467,49,27,2,2,4
1468,49,28,2,1,2
1469,49,29,2,4,9
1470,50,0,1,4,8
1471,50,1,1,4,10
1472,50,2,1,4,5
1473,50,3,1,3,6
1474,50,4,1,3,6
1475,50,5,1,3,5
1476,50,6,1,3,8
1477,50,7,1,6,7
1478,50,8,1,3,5
1479,50,9,1,5,7
1480,50,10,1,3,8
1481,50,11,1,5,12
1482,50,12,1,5,8
1483,50,13,1,3,6
1484,50,14,1,3,8
1485,50,15,1,6,11
1486,50,16,1,4,7
1487,50,17,1,4,9
1488,50,18,1,3,8
1489,50,19,1,3,3
1490,50,20,1,3,9
1491,50,21,1,3,5
1492,50,22,1,3,6
1493,50,23,1,3,8
1494,50,24,1,6,9
1495,50,25,1,3,4
1496,50,26,1,3,3
1497,50,27,1,3,8
1498,50,28,1,5,12
1499,50,29,1,4,8
1500,51,0,0,1,2
1501,51,1,0,2,5
1502,51,2,0,1,1
1503,51,3,0,1,1
1504,51,4,0,31,47
1505,51,5,0,1,1
1506,51,6,0,29,46
1507,51,7,0,28,48
1508,51,8,0,22,30
1509,51,9,0,4,9
1510,51,10,0,3,5
1511,51,11,0,1,2
1512,51,12,0,5,8
1513,51,13,0,1,1
1514,51,14,0,28,47
1515,51,15,0,11,14
1516,51,16,0,35,61
1517,51,17,0,2,3
1518,51,18,0,1,1
1519,51,19,0,33,53
1520,51,20,0,27,47
1521,51,21,0,2,4
1522,51,22,0,12,16
1523,51,23,0,2,3
1524,51,24,0,7,7
1525,51,25,0,1,2
1526,51,26,0,31,52
1527,51,27,0,1,2
1528,51,28,0,4,5
1529,51,29,0,2,3
1530,52,0,2,5,9
1531,52,1,2,2,2
1532,52,2,2,2,6
1533,52,3,2,5,8
1534,52,4,2,3,4
1535,52,5,2,2,4
1536,52,6,2,2,4
1537,52,7,2,3,5
1538,52,8,2,2,6
1539,52,9,2,2,7
1540,52,10,2,4,10
1541,52,11,2,2,6
1542,52,12,2,5,9
1543,52,13,2,2,4
1544,52,14,2,2,5
1545,52,15,2,2,4
1546,52,16,2,2,4
1547,52,17,2,2,5
1548,52,18,2,2,4
1549,52,19,2,2,4
1550,52,20,2,2,5
1551,52,21,2,2,1
1552,52,22,2,3,8
1553,52,23,2,4,7
1554,52,24,2,5,8
1555,52,25,2,2,3
1556,52,26,2,2,5
1557,52,27,2,2,5
1558,52,28,2,3,4
1559,52,29,2,2,4
1560,53,0,2,3,7
1561,53,1,0,34,68
1562,53,2,1,1,4
1563,53,3,2,7,13
1564,53,4,0,1,3
1565,53,5,1,1,3
1566,53,6,0,2,5
1567,53,7,2,3,5
1568,53,8,2,2,3
1569,53,9,0,9,19
1570,53,10,0,20,37
1571,53,11,2,3,7
1572,53,12,0,4,10
1573,53,13,2,4,7
1574,53,14,1,1,0
1575,53,15,2,4,10
1576,53,16,2,5,13
1577,53,17,0,2,3
1578,53,18,1,1,3
1579,53,19,0,2,4
1580,53,20,2,5,8
1581,53,21,0,2,6
1582,53,22,2,3,6
1583,53,23,2,2,5
1584,53,24,0,1,2
1585,53,25,2,3,7
1586,53,26,1,1,3
1587,53,27,2,2,4
1588,53,28,0,2,5
1589,53,29,1,1,4
1590,54,0,2,2,5
1591,54,1,1,3,7
1592,54,2,2,2,4
1593,54,3,1,4,8
1594,54,4,2,2,3
1595,54,5,1,3,8
1596,54,6,1,5,14
1597,54,7,2,4,9
1598,54,8,2,4,6
1599,54,9,2,4,7
1600,54,10,1,4,8
1601,54,11,2,2,3
1602,54,12,2,2,3
1603,54,13,1,3,5
1604,54,14,1,3,7
1605,54,15,2,2,4
1606,54,16,1,4,9
1607,54,17,2,2,2
1608,54,18,1,3,3
1609,54,19,1,3,7
1610,54,20,1,3,6
1611,54,21,2,2,2
1612,54,22,2,2,2
1613,54,23,2,4,8
1614,54,24,2,2,4
1615,54,25,2,3,6
1616,54,26,2,4,6
1617,54,27,2,2,3
1618,54,28,2,2,3
1619,54,29,2,2,2
1620,55,0,2,2,4
1621,55,1,2,2,3
1622,55,2,2,4,9
1623,55,3,2,2,3
1624,55,4,2,2,3
1625,55,5,2,2,3
1626,55,6,2,7,10
1627,55,7,2,4,10
1628,55,8,2,2,5
1629,55,9,2,2,3
1630,55,10,2,2,2
1631,55,11,2,2,3
1632,55,12,2,5,10
1633,55,13,1,3,4
1634,55,14,2,2,3
1635,55,15,1,3,6
1636,55,16,2,2,4
1637,55,17,2,4,9
1638,55,18,1,3,4
1639,55,19,1,3,5
1640,55,20,1,3,2
1641,55,21,2,4,5
1642,55,22,2,5,12
1643,55,23,2,2,2
1644,55,24,2,1,1
1645,55,25,1,3,6
1646,55,26,2,4,6
1647,55,27,1,3,6
1648,55,28,2,2,5
1649,55,29,2,3,5
1650,56,0,0,34,66
1651,56,1,1,3,5
1652,56,2,0,37,66
1653,56,3,2,35,65
1654,56,4,0,36,66
1655,56,5,2,36,66
1656,56,6,1,5,11
1657,56,7,0,34,68
1658,56,8,1,6,10
1659,56,9,1,37,66
1660,56,10,0,34,67
1661,56,11,2,36,64
1662,56,12,2,37,64
1663,56,13,1,3,4
1664,56,14,1,3,6
1665,56,15,0,34,66
1666,56,16,1,3,5
1667,56,17,1,3,7
1668,56,18,1,16,21
1669,56,19,1,21,34
1670,56,20,0,38,62
1671,56,21,2,35,66
1672,56,22,1,36,67
1673,56,23,1,36,65
1674,56,24,1,36,65
1675,56,25,1,40,62
1676,56,26,2,35,66
1677,56,27,0,35,66
1678,56,28,2,37,63
1679,56,29,1,33,67
1680,57,0,2,3,6
1681,57,1,2,3,3
1682,57,2,2,2,2
1683,57,3,2,1,1
1684,57,4,2,1,1
1685,57,5,2,1,1
1686,57,6,2,1,0
1687,57,7,2,1,2
1688,57,8,2,1,0
1689,57,9,2,1,0
1690,57,10,2,1,1
1691,57,11,2,1,1
1692,57,12,2,1,1
1693,57,13,2,2,3
1694,57,14,1,5,6
1695,57,15,2,1,2
1696,57,16,2,1,1
1697,57,17,2,2,3
1698,57,18,2,1,0
1699,57,19,2,1,2
1700,57,20,2,2,3
1701,57,21,2,1,1
1702,57,22,2,1,1
1703,57,23,2,1,2
1704,57,24,2,2,4
1705,57,25,2,4,4
1706,57,26,2,3,5
1707,57,27,2,1,1
1708,57,28,2,1,2
1709,57,29,2,2,4
1710,58,0,0,4,7
1711,58,1,1,1,2
1712,58,2,1,11,14
1713,58,3,1,2,4
1714,58,4,1,1,2
1715,58,5,1,1,1
1716,58,6,1,1,0
1717,58,7,1,1,0
1718,58,8,1,1,2
1719,58,9,1,1,1
1720,58,10,1,1,1
1721,58,11,1,1,2
1722,58,12,1,1,2
1723,58,13,1,1,0
1724,58,14,1,1,2
1725,58,15,1,1,1
1726,58,16,0,4,8
1727,58,17,0,5,7
1728,58,18,0,2,3
1729,58,19,1,1,1
1730,58,20,1,1,2
1731,58,21,0,2,2
1732,58,22,1,1,2
1733,58,23,1,33,38
1734,58,24,1,50,50
1735,58,25,1,1,1
1736,58,26,1,1,0
1737,58,27,1,1,2
1738,58,28,1,1,0
1739,58,29,1,2,4
1740,59,0,2,3,8
1741,59,1,2,11,18
1742,59,2,2,3,9
1743,59,3,0,2,7
1744,59,4,0,5,11
1745,59,5,2,3,9
1746,59,6,0,5,11
1747,59,7,2,2,3
1748,59,8,2,2,2
1749,59,9,0,9,18
1750,59,10,0,8,20
1751,59,11,0,7,19
1752,59,12,0,1,2
1753,59,13,0,2,2
1754,59,14,0,3,8
1755,59,15,0,5,9
1756,59,16,2,3,8
1757,59,17,0,9,16
1758,59,18,2,9,18
1759,59,19,0,3,9
1760,59,20,2,4,8
1761,59,21,0,2,4
1762,59,22,2,3,6
1763,59,23,0,4,8
1764,59,24,0,2,4
1765,59,25,2,3,8
1766,59,26,2,5,13
1767,59,27,0,4,9
1768,59,28,0,1,1
1769,59,29,2,8,16
1770,60,0,2,2,6
1771,60,1,2,2,5
1772,60,2,2,2,4
1773,60,3,2,2,6
1774,60,4,2,2,2
1775,60,5,2,5,11
1776,60,6,2,2,5
1777,60,7,2,2,4
1778,60,8,2,2,1
1779,60,9,2,2,5
1780,60,10,2,3,6
1781,60,11,2,3,7
1782,60,12,2,2,5
1783,60,13,2,3,5
1784,60,14,2,2,3
1785,60,15,2,2,3
1786,60,16,2,3,8
1787,60,17,2,4,9
1788,60,18,2,2,6
1789,60,19,2,2,6
1790,60,20,2,2,6
1791,60,21,2,2,3
1792,60,22,2,3,7
1793,60,23,2,3,6
1794,60,24,2,2,5
1795,60,25,2,2,3
1796,60,26,2,2,6
1797,60,27,2,2,5
1798,60,28,2,4,8
1799,60,29,2,2,3
1800,61,0,2,1,3
1801,61,1,2,1,2
1802,61,2,2,1,0
1803,61,3,2,1,3
1804,61,4,2,5,8
1805,61,5,2,1,2
1806,61,6,2,4,5
1807,61,7,2,4,8
1808,61,8,2,3,3
1809,61,9,2,5,9
1810,61,10,2,1,3
1811,61,11,2,1,3
1812,61,12,2,6,11
1813,61,13,2,2,5
1814,61,14,2,3,4
1815,61,15,2,1,0
1816,61,16,2,2,3
1817,61,17,2,1,1
1818,61,18,2,2,1
1819,61,19,2,5,7
1820,61,20,2,6,12
1821,61,21,2,2,2
1822,61,22,2,4,7
1823,61,23,2,6,10
1824,61,24,2,1,2
1825,61,25,2,1,2
1826,61,26,2,5,7
1827,61,27,2,2,4
1828,61,28,2,4,7
1829,61,29,2,1,1
1830,62,0,0,10,28
1831,62,1,0,14,35
1832,62,2,2,2,4
1833,62,3,0,5,15
1834,62,4,0,15,37
1835,62,5,2,2,3
1836,62,6,0,30,72
1837,62,7,0,2,5
1838,62,8,0,1,2
1839,62,9,2,4,11
1840,62,10,0,7,14
1841,62,11,0,1,2
1842,62,12,2,5,13
1843,62,13,0,4,8
1844,62,14,0,2,6
1845,62,15,0,1,2
1846,62,16,0,2,6
1847,62,17,0,1,1
1848,62,18,0,1,3
1849,62,19,0,1,2
1850,62,20,0,1,3
1851,62,21,2,2,6
1852,62,22,0,2,7
1853,62,23,2,3,6
1854,62,24,0,1,2
1855,62,25,0,1,3
1856,62,26,0,1,3
1857,62,27,0,7,12
1858,62,28,2,4,10
1859,62,29,0,4,6
1860,63,0,1,3,4
1861,63,1,1,7,17
1862,63,2,1,6,9
1863,63,3,1,5,11
1864,63,4,1,3,6
1865,63,5,1,3,3
1866,63,6,1,7,16
1867,63,7,1,3,6
1868,63,8,1,5,9
1869,63,9,0,3,6
1870,63,10,1,9,17
1871,63,11,1,3,5
1872,63,12,1,3,8
1873,63,13,1,7,10
1874,63,14,1,3,8
1875,63,15,1,6,9
1876,63,16,1,7,18
1877,63,17,0,3,6
1878,63,18,1,3,7
1879,63,19,1,4,5
1880,63,20,1,5,9
1881,63,21,0,1,3
1882,63,22,1,12,18
1883,63,23,1,10,19
1884,63,24,1,4,5
1885,63,25,1,9,20
1886,63,26,0,1,1
1887,63,27,1,5,6
1888,63,28,1,4,7
1889,63,29,0,1,2
1890,64,0,1,8,22
1891,64,1,1,3,7
1892,64,2,1,10,23
1893,64,3,1,4,8
1894,64,4,1,3,8
1895,64,5,1,4,5
1896,64,6,1,4,7
1897,64,7,1,12,25
1898,64,8,1,10,23
1899,64,9,1,3,8
1900,64,10,1,6,14
1901,64,11,1,8,13
1902,64,12,1,3,7
1903,64,13,1,9,22
1904,64,14,1,9,16
1905,64,15,1,3,7
1906,64,16,1,8,18
1907,64,17,1,3,6
1908,64,18,1,7,13
1909,64,19,1,7,17
1910,64,20,2,1,2
1911,64,21,1,3,6
1912,64,22,1,3,5
1913,64,23,1,6,14
1914,64,24,1,8,20
1915,64,25,1,8,14
1916,64,26,1,3,8
1917,64,27,1,5,10
1918,64,28,1,11,19
1919,64,29,1,3,4
1920,65,0,0,5,10
1921,65,1,0,1,2
1922,65,2,0,1,1
1923,65,3,0,1,2
1924,65,4,0,5,6
1925,65,5,0,4,7
1926,65,6,0,4,6
1927,65,7,0,2,3
1928,65,8,0,1,3
1929,65,9,0,1,1
1930,65,10,0,6,13
1931,65,11,0,1,1
1932,65,12,0,3,4
1933,65,13,0,1,2
1934,65,14,0,4,9
1935,65,15,0,4,8
1936,65,16,0,1,2
1937,65,17,0,5,9
1938,65,18,0,4,7
1939,65,19,0,5,7
1940,65,20,0,2,3
1941,65,21,0,1,2
1942,65,22,0,1,2
1943,65,23,0,1,2
1944,65,24,0,1,2
1945,65,25,0,4,5
1946,65,26,0,2,6
1947,65,27,0,2,4
1948,65,28,0,1,2
1949,65,29,0,1,2
1950,66,0,1,3,6
1951,66,1,1,33,66
1952,66,2,1,13,33
1953,66,3,1,10,18
1954,66,4,1,36,67
1955,66,5,1,11,22
1956,66,6,1,3,7
1957,66,7,1,6,12
1958,66,8,1,26,58
1959,66,9,1,11,16
1960,66,10,1,33,67
1961,66,11,1,6,11
1962,66,12,1,6,11
1963,66,13,1,13,30
1964,66,14,1,22,46
1965,66,15,1,13,30
1966,66,16,1,15,27
1967,66,17,1,3,5
1968,66,18,1,3,6
1969,66,19,1,27,49
1970,66,20,1,33,67
1971,66,21,1,36,66
1972,66,22,1,32,69
1973,66,23,1,16,30
1974,66,24,1,8,15
1975,66,25,1,8,15
1976,66,26,1,14,27
1977,66,27,1,7,15
1978,66,28,1,34,67
1979,66,29,1,29,60
1980,67,0,0,1,1
1981,67,1,0,1,2
1982,67,2,0,1,1
1983,67,3,0,1,0
1984,67,4,0,1,2
1985,67,5,0,1,1
1986,67,6,1,4,8
1987,67,7,0,2,4
1988,67,8,0,1,1
1989,67,9,0,2,4
1990,67,10,0,1,0
1991,67,11,0,4,7
1992,67,12,0,1,1
1993,67,13,0,1,0
1994,67,14,0,2,4
1995,67,15,0,1,1
1996,67,16,0,1,1
1997,67,17,0,2,1
1998,67,18,0,1,2
1999,67,19,0,2,0
2000,67,20,0,3,4
2001,67,21,0,1,2
2002,67,22,0,1,2
2003,67,23,0,1,1
2004,67,24,0,1,1
2005,67,25,0,4,5
2006,67,26,0,1,2
2007,67,27,1,3,2
2008,67,28,0,1,0
2009,67,29,0,1,1
2010,68,0,2,1,2
2011,68,1,2,2,3
2012,68,2,1,3,4
2013,68,3,2,1,1
2014,68,4,1,3,2
2015,68,5,1,3,5
2016,68,6,2,2,4
2017,68,7,1,3,4
2018,68,8,1,3,8
2019,68,9,2,2,5
2020,68,10,1,3,7
2021,68,11,2,1,1
2022,68,12,2,1,1
2023,68,13,2,2,5
2024,68,14,2,1,1
2025,68,15,2,2,3
2026,68,16,2,1,1
2027,68,17,1,5,9
2028,68,18,2,1,1
2029,68,19,1,3,6
2030,68,20,2,8,12
2031,68,21,1,3,4
2032,68,22,1,4,6
2033,68,23,2,2,4
2034,68,24,2,2,4
2035,68,25,2,1,1
2036,68,26,1,3,6
2037,68,27,2,2,2
2038,68,28,2,1,1
2039,68,29,2,2,2
2040,69,0,1,4,8
2041,69,1,1,1,0
2042,69,2,1,4,4
2043,69,3,1,1,2
2044,69,4,1,1,0
2045,69,5,0,4,8
2046,69,6,1,1,1
2047,69,7,1,1,0
2048,69,8,1,4,6
2049,69,9,1,2,2
2050,69,10,1,1,1
2051,69,11,1,1,1
2052,69,12,1,1,1
2053,69,13,1,4,8
2054,69,14,1,2,3
2055,69,15,1,1,1
2056,69,16,1,1,2
2057,69,17,0,2,3
2058,69,18,1,3,5
2059,69,19,1,1,1
2060,69,20,0,2,5
2061,69,21,1,6,8
2062,69,22,1,2,2
2063,69,23,0,4,5
2064,69,24,0,13,24
2065,69,25,0,2,2
2066,69,26,1,1,2
2067,69,27,1,1,1
2068,69,28,1,1,0
2069,69,29,1,1,1
2070,70,0,0,5,13
2071,70,1,0,1,2
2072,70,2,0,1,3
2073,70,3,0,6,13
2074,70,4,0,7,13
2075,70,5,0,1,3
2076,70,6,0,1,2
2077,70,7,0,5,10
2078,70,8,0,2,7
2079,70,9,0,1,3
2080,70,10,0,6,13
2081,70,11,0,9,15
2082,70,12,0,1,2
2083,70,13,0,7,13
2084,70,14,0,5,10
2085,70,15,0,6,13
2086,70,16,0,1,2
2087,70,17,0,11,21
2088,70,18,0,2,4
2089,70,19,0,5,14
2090,70,20,0,5,9
2091,70,21,0,2,5
2092,70,22,0,10,20
2093,70,23,0,1,2
2094,70,24,0,1,3
2095,70,25,0,2,5
2096,70,26,0,4,5
2097,70,27,0,7,17
2098,70,28,0,2,6
2099,70,29,0,7,12
2100,71,0,1,3,7
2101,71,1,1,5,9
2102,71,2,1,3,5
2103,71,3,1,3,6
2104,71,4,1,3,5
2105,71,5,1,3,7
2106,71,6,1,3,7
2107,71,7,1,3,6
2108,71,8,1,3,4
2109,71,9,1,3,5
2110,71,10,1,3,6
2111,71,11,1,4,7
2112,71,12,1,3,7
2113,71,13,1,3,6
2114,71,14,1,4,9
2115,71,15,1,3,3
2116,71,16,1,3,8
2117,71,17,1,4,8
2118,71,18,1,3,7
2119,71,19,1,8,12
2120,71,20,1,5,10
2121,71,21,1,3,5
2122,71,22,1,3,6
2123,71,23,1,3,5
2124,71,24,1,4,9
2125,71,25,1,3,7
2126,71,26,1,3,8
2127,71,27,1,3,8
2128,71,28,1,4,6
2129,71,29,1,4,8
2130,72,0,0,2,4
2131,72,1,0,1,0
2132,72,2,0,2,5
2133,72,3,0,1,2
2134,72,4,0,1,3
2135,72,5,0,1,1
2136,72,6,0,2,4
2137,72,7,0,1,2
2138,72,8,0,1,3
2139,72,9,0,1,1
2140,72,10,0,2,6
2141,72,11,0,1,1
2142,72,12,0,1,2
2143,72,13,0,2,7
2144,72,14,0,1,1
2145,72,15,0,1,1
2146,72,16,0,1,1
2147,72,17,0,1,1
2148,72,18,0,2,4
2149,72,19,0,1,2
2150,72,20,0,1,3
2151,72,21,0,1,2
2152,72,22,0,1,2
2153,72,23,0,2,4
2154,72,24,0,1,2
2155,72,25,0,1,1
2156,72,26,0,1,1
2157,72,27,0,1,1
2158,72,28,0,1,1
2159,72,29,0,1,3
2160,73,0,2,2,4
2161,73,1,2,1,1
2162,73,2,2,2,2
2163,73,3,1,3,8
2164,73,4,2,1,0
2165,73,5,2,1,0
2166,73,6,2,4,5
2167,73,7,2,2,5
2168,73,8,2,2,2
2169,73,9,2,1,2
2170,73,10,1,3,6
2171,73,11,2,2,2
2172,73,12,2,1,1
2173,73,13,1,4,7
2174,73,14,2,2,5
2175,73,15,2,1,1
2176,73,16,2,1,2
2177,73,17,2,1,2
2178,73,18,2,1,1
2179,73,19,2,1,2
2180,73,20,2,1,0
2181,73,21,2,4,9
2182,73,22,2,2,4
2183,73,23,2,1,1
2184,73,24,2,1,1
2185,73,25,2,1,1
2186,73,26,2,1,2
2187,73,27,2,1,2
2188,73,28,2,2,4
2189,73,29,2,1,1
2190,74,0,2,3,5
2191,74,1,2,4,9
2192,74,2,2,2,1
2193,74,3,2,6,6
2194,74,4,2,3,2
2195,74,5,2,4,6
2196,74,6,2,2,4
2197,74,7,2,2,3
2198,74,8,2,2,2
2199,74,9,2,2,3
2200,74,10,2,2,4
2201,74,11,2,3,4
2202,74,12,2,3,6
2203,74,13,2,4,6
2204,74,14,2,3,6
2205,74,15,2,4,7
2206,74,16,2,2,5
2207,74,17,2,2,2
2208,74,18,2,4,4
2209,74,19,2,5,8
2210,74,20,2,2,3
2211,74,21,2,8,14
2212,74,22,2,2,3
2213,74,23,2,2,4
2214,74,24,2,4,9
2215,74,25,2,3,4
2216,74,26,2,2,3
2217,74,27,2,3,5
2218,74,28,2,2,3
2219,74,29,2,2,4
2220,75,0,1,3,6
2221,75,1,1,3,7
2222,75,2,1,3,6
2223,75,3,1,3,4
2224,75,4,0,2,4
2225,75,5,1,3,6
2226,75,6,0,1,2
2227,75,7,0,2,5
2228,75,8,0,1,3
2229,75,9,0,2,4
2230,75,10,0,2,4
2231,75,11,0,1,4
2232,75,12,0,3,8
2233,75,13,1,6,10
2234,75,14,0,1,3
2235,75,15,0,1,3
2236,75,16,1,3,5
2237,75,17,0,1,1
2238,75,18,0,2,5
2239,75,19,0,1,2
2240,75,20,0,1,3
2241,75,21,1,5,13
2242,75,22,0,1,2
2243,75,23,0,1,4
2244,75,24,0,6,10
2245,75,25,0,2,3
2246,75,26,0,1,3
2247,75,27,0,2,4
2248,75,28,0,1,3
2249,75,29,0,2,3
2250,76,0,0,1,2
2251,76,1,0,1,1
2252,76,2,0,2,5
2253,76,3,0,3,5
2254,76,4,0,3,6
2255,76,5,0,3,3
2256,76,6,0,3,4
2257,76,7,0,5,7
2258,76,8,0,1,2
2259,76,9,0,1,2
2260,76,10,0,9,18
2261,76,11,0,4,9
2262,76,12,0,1,1
2263,76,13,0,2,3
2264,76,14,0,5,9
2265,76,15,0,5,9
2266,76,16,0,1,0
2267,76,17,0,1,2
2268,76,18,0,2,2
2269,76,19,0,7,10
2270,76,20,0,1,1
2271,76,21,0,3,4
2272,76,22,0,1,3
2273,76,23,0,1,1
2274,76,24,0,5,8
2275,76,25,0,2,6
2276,76,26,0,1,2
2277,76,27,0,1,2
2278,76,28,0,1,0
2279,76,29,0,1,0
2280,77,0,2,10,20
2281,77,1,2,2,4
2282,77,2,2,1,2
2283,77,3,2,3,5
2284,77,4,2,1,1
2285,77,5,2,4,6
2286,77,6,2,3,4
2287,77,7,2,1,1
2288,77,8,2,1,2
2289,77,9,2,1,1
2290,77,10,2,1,1
2291,77,11,2,1,0
2292,77,12,2,1,1
2293,77,13,2,2,4
2294,77,14,2,2,3
2295,77,15,2,1,1
2296,77,16,2,2,2
2297,77,17,2,2,3
2298,77,18,2,1,1
2299,77,19,2,2,5
2300,77,20,2,2,3
2301,77,21,2,1,2
2302,77,22,2,1,1
2303,77,23,2,1,1
2304,77,24,2,2,2
2305,77,25,1,5,9
2306,77,26,2,5,7
2307,77,27,2,1,1
2308,77,28,2,2,4
2309,77,29,2,1,1
2310,78,0,0,1,1
2311,78,1,0,1,2
2312,78,2,0,1,1
2313,78,3,0,1,1
2314,78,4,0,2,1
2315,78,5,0,1,1
2316,78,6,1,3,4
2317,78,7,0,1,1
2318,78,8,0,1,1
2319,78,9,0,1,2
2320,78,10,1,3,4
2321,78,11,0,1,1
2322,78,12,0,1,1
2323,78,13,0,2,3
2324,78,14,0,2,5
2325,78,15,0,1,1
2326,78,16,0,4,9
2327,78,17,0,1,0
2328,78,18,0,2,2
2329,78,19,0,1,0
2330,78,20,0,1,2
2331,78,21,0,1,1
2332,78,22,0,2,4
2333,78,23,0,1,2
2334,78,24,0,1,0
2335,78,25,0,3,3
2336,78,26,0,1,1
2337,78,27,0,1,2
2338,78,28,0,1,0
2339,78,29,0,1,0
2340,79,0,2,1,2
2341,79,1,2,1,1
2342,79,2,2,1,2
2343,79,3,2,1,2
2344,79,4,2,1,1
2345,79,5,2,1,0
2346,79,6,2,1,1
2347,79,7,2,1,0
2348,79,8,2,1,0
2349,79,9,2,1,1
2350,79,10,2,1,1
2351,79,11,2,1,1
2352,79,12,2,1,0
2353,79,13,2,5,8
2354,79,14,2,1,1
2355,79,15,2,3,3
2356,79,16,2,2,3
2357,79,17,2,3,4
2358,79,18,2,1,2
2359,79,19,2,2,3
2360,79,20,2,1,0
2361,79,21,2,4,6
2362,79,22,2,2,3
2363,79,23,2,1,1
2364,79,24,2,1,0
2365,79,25,2,1,1
2366,79,26,2,2,3
2367,79,27,2,1,2
2368,79,28,2,1,0
2369,79,29,2,2,3
2370,80,0,1,2,1
2371,80,1,1,2,1
2372,80,2,1,2,4
2373,80,3,1,1,1
2374,80,4,1,1,1
2375,80,5,0,3,6
2376,80,6,1,4,4
2377,80,7,1,2,2
2378,80,8,1,4,7
2379,80,9,1,1,2
2380,80,10,1,3,4
2381,80,11,1,1,2
2382,80,12,1,1,1
2383,80,13,1,11,14
2384,80,14,1,1,2
2385,80,15,1,1,2
2386,80,16,1,1,0
2387,80,17,1,1,0
2388,80,18,1,6,11
2389,80,19,1,1,0
2390,80,20,1,1,0
2391,80,21,1,1,1
2392,80,22,1,1,0
2393,80,23,0,2,1
2394,80,24,1,3,8
2395,80,25,1,6,8
2396,80,26,1,1,2
2397,80,27,1,6,8
2398,80,28,1,1,2
2399,80,29,1,2,1
2400,81,0,2,2,1
2401,81,1,2,3,6
2402,81,2,2,2,6
2403,81,3,2,2,6
2404,81,4,2,2,0
2405,81,5,2,4,8
2406,81,6,2,2,5
2407,81,7,2,3,5
2408,81,8,2,2,2
2409,81,9,2,19,26
2410,81,10,2,2,0
2411,81,11,2,14,25
2412,81,12,2,2,5
2413,81,13,2,2,5
2414,81,14,2,4,6
2415,81,15,2,6,7
2416,81,16,2,12,20
2417,81,17,2,5,11
2418,81,18,2,2,4
2419,81,19,2,9,10
2420,81,20,2,2,5
2421,81,21,2,3,5
2422,81,22,2,3,6
2423,81,23,2,3,4
2424,81,24,2,2,4
2425,81,25,2,7,11
2426,81,26,2,2,1
2427,81,27,2,7,14
2428,81,28,2,2,3
2429,81,29,2,2,4
2430,82,0,1,5,12
2431,82,1,1,3,6
2432,82,2,1,4,9
2433,82,3,1,3,4
2434,82,4,1,3,8
2435,82,5,1,3,8
2436,82,6,1,4,9
2437,82,7,1,3,6
2438,82,8,2,2,4
2439,82,9,1,4,9
2440,82,10,1,3,6
2441,82,11,1,3,5
2442,82,12,1,3,7
2443,82,13,1,5,10
2444,82,14,2,2,2
2445,82,15,1,4,9
2446,82,16,1,4,8
2447,82,17,2,2,4
2448,82,18,1,3,4
2449,82,19,1,3,8
2450,82,20,1,3,8
2451,82,21,1,4,8
2452,82,22,1,5,12
2453,82,23,1,3,6
2454,82,24,1,3,4
2455,82,25,1,3,6
2456,82,26,1,5,9
2457,82,27,1,3,7
2458,82,28,1,4,7
2459,82,29,1,3,5
2460,84,0,0,6,9
2461,84,1,0,4,6
2462,84,2,0,2,3
2463,84,3,0,1,3
2464,84,4,0,1,1
2465,84,5,0,1,3
2466,84,6,0,5,11
2467,84,7,0,1,2
2468,84,8,0,3,4
2469,84,9,0,3,6
2470,84,10,0,1,2
2471,84,11,0,4,8
2472,84,12,0,1,2
2473,84,13,0,4,10
2474,84,14,0,2,4
2475,84,15,0,8,18
2476,84,16,0,2,2
2477,84,17,0,1,0
2478,84,18,0,3,5
2479,84,19,0,2,3
2480,84,20,0,6,11
2481,84,21,0,5,7
2482,84,22,0,1,2
2483,84,23,0,1,4
2484,84,24,0,1,4
2485,84,25,0,1,3
2486,84,26,0,1,1
2487,84,27,0,1,2
2488,84,28,0,1,1
2489,84,29,0,5,15
2490,85,0,0,1,2
2491,85,1,0,1,1
2492,85,2,0,1,2
2493,85,3,0,1,4
2494,85,4,0,1,2
2495,85,5,0,2,4
2496,85,6,0,2,3
2497,85,7,0,4,8
2498,85,8,0,2,5
2499,85,9,0,1,3
2500,85,10,0,1,2
2501,85,11,0,2,3
2502,85,12,0,1,3
2503,85,13,0,2,3
2504,85,14,0,1,3
2505,85,15,0,1,1
2506,85,16,0,2,3
2507,85,17,0,4,9
2508,85,18,0,4,3
2509,85,19,1,3,7
2510,85,20,0,2,5
2511,85,21,0,1,3
2512,85,22,0,1,4
2513,85,23,1,3,7
2514,85,24,0,1,1
2515,85,25,0,2,5
2516,85,26,0,1,2
2517,85,27,0,1,3
2518,85,28,0,2,2
2519,85,29,0,1,3
2520,86,0,2,5,9
2521,86,1,2,2,5
2522,86,2,2,3,4
2523,86,3,2,2,2
2524,86,4,2,3,6
2525,86,5,2,1,2
2526,86,6,2,2,1
2527,86,7,2,4,8
2528,86,8,2,4,8
2529,86,9,2,4,7
2530,86,10,2,4,7
2531,86,11,2,1,2
2532,86,12,2,8,13
2533,86,13,2,2,3
2534,86,14,2,4,6
2535,86,15,2,4,7
2536,86,16,2,2,4
2537,86,17,2,2,2
2538,86,18,2,5,12
2539,86,19,2,6,12
2540,86,20,2,1,3
2541,86,21,2,2,3
2542,86,22,2,2,3
2543,86,23,2,6,9
2544,86,24,2,4,6
2545,86,25,2,1,3
2546,86,26,2,4,5
2547,86,27,2,1,2
2548,86,28,2,2,2
2549,86,29,2,5,11
2550,90,0,2,3,4
2551,90,1,2,2,3
2552,90,2,2,2,4
2553,90,3,2,2,6
2554,90,4,2,3,8
2555,90,5,2,2,5
2556,90,6,2,2,5
2557,90,7,2,3,4
2558,90,8,2,2,4
2559,90,9,2,2,5
2560,90,10,2,2,4
2561,90,11,2,3,6
2562,90,12,2,2,5
2563,90,13,2,2,5
2564,90,14,2,2,4
2565,90,15,2,3,5
2566,90,16,2,2,4
2567,90,17,2,2,5
2568,90,18,2,5,8
2569,90,19,2,3,3
2570,90,20,2,2,6
2571,90,21,2,2,4
2572,90,22,2,2,3
2573,90,23,2,3,7
2574,90,24,2,2,4
2575,90,25,2,2,4
2576,90,26,2,2,4
2577,90,27,2,2,5
2578,90,28,2,2,3
2579,90,29,2,2,4
2580,91,0,1,10,18
2581,91,1,1,5,12
2582,91,2,1,6,13
2583,91,3,2,2,4
2584,91,4,1,7,16
2585,91,5,1,4,8
2586,91,6,1,3,4
2587,91,7,1,3,6
2588,91,8,1,4,7
2589,91,9,1,4,9
2590,91,10,1,1,2
2591,91,11,1,3,8
2592,91,12,2,3,9
2593,91,13,1,4,10
2594,91,14,1,4,9
2595,91,15,1,4,7
2596,91,16,1,4,6
2597,91,17,1,5,7
2598,91,18,1,3,5
2599,91,19,1,3,6
2600,91,20,1,4,9
2601,91,21,1,3,6
2602,91,22,1,1,4
2603,91,23,1,4,8
2604,91,24,1,4,5
2605,91,25,1,5,7
2606,91,26,1,5,12
2607,91,27,1,1,2
2608,91,28,1,1,3
2609,91,29,1,4,10
2610,93,0,1,1,2
2611,93,1,1,1,2
2612,93,2,1,1,2
2613,93,3,1,1,1
2614,93,4,1,3,3
2615,93,5,1,1,1
2616,93,6,1,2,5
2617,93,7,1,2,4
2618,93,8,1,4,6
2619,93,9,1,1,1
2620,93,10,1,1,0
2621,93,11,1,3,6
2622,93,12,1,3,7
2623,93,13,1,1,1
2624,93,14,1,3,7
2625,93,15,1,1,0
2626,93,16,1,3,9
2627,93,17,1,1,0
2628,93,18,1,1,0
2629,93,19,1,1,1
2630,93,20,1,1,1
2631,93,21,1,1,0
2632,93,22,1,1,2
2633,93,23,1,1,2
2634,93,24,1,1,0
2635,93,25,1,1,1
2636,93,26,1,2,2
2637,93,27,1,1,0
2638,93,28,1,2,2
2639,93,29,1,1,2
2640,94,0,1,3,4
2641,94,1,1,3,5
2642,94,2,1,4,6
2643,94,3,0,2,3
2644,94,4,0,16,26
2645,94,5,1,3,9
2646,94,6,0,3,6
2647,94,7,0,1,2
2648,94,8,1,3,6
2649,94,9,1,3,5
2650,94,10,1,3,5
2651,94,11,0,1,2
2652,94,12,0,4,9
2653,94,13,1,3,6
2654,94,14,0,2,4
2655,94,15,0,3,4
2656,94,16,1,3,4
2657,94,17,1,3,8
2658,94,18,1,4,9
2659,94,19,1,3,5
2660,94,20,0,2,4
2661,94,21,0,1,2
2662,94,22,1,4,7
2663,94,23,1,3,5
2664,94,24,1,4,7
2665,94,25,0,1,3
2666,94,26,0,1,2
2667,94,27,1,3,9
2668,94,28,1,4,7
2669,94,29,0,1,1
2670,97,0,0,5,7
2671,97,1,0,9,16
2672,97,2,0,1,1
2673,97,3,0,4,7
2674,97,4,0,8,8
2675,97,5,0,31,42
2676,97,6,0,28,42
2677,97,7,0,12,19
2678,97,8,2,2,5
2679,97,9,0,5,9
2680,97,10,0,5,10
2681,97,11,0,1,2
2682,97,12,0,25,47
2683,97,13,0,1,2
2684,97,14,0,34,62
2685,97,15,0,4,8
2686,97,16,0,1,2
2687,97,17,0,7,12
2688,97,18,0,6,10
2689,97,19,0,3,5
2690,97,20,0,4,4
2691,97,21,0,1,1
2692,97,22,0,1,2
2693,97,23,0,2,4
2694,97,24,0,2,3
2695,97,25,0,15,24
2696,97,26,0,8,14
2697,97,27,0,3,3
2698,97,28,2,2,3
2699,97,29,0,13,23
2700,98,0,2,2,7
2701,98,1,1,3,7
2702,98,2,2,2,5
2703,98,3,2,2,4
2704,98,4,2,2,5
2705,98,5,2,2,6
2706,98,6,2,2,4
2707,98,7,2,2,4
2708,98,8,2,2,5
2709,98,9,2,3,6
2710,98,10,2,2,4
2711,98,11,2,1,2
2712,98,12,2,2,6
2713,98,13,2,2,2
2714,98,14,2,4,8
2715,98,15,2,2,4
2716,98,16,2,3,6
2717,98,17,2,3,7
2718,98,18,2,2,6
2719,98,19,2,2,3
2720,98,20,2,2,4
2721,98,21,2,2,4
2722,98,22,2,2,6
2723,98,23,2,2,2
2724,98,24,2,2,6
2725,98,25,2,3,7
2726,98,26,2,2,7
2727,98,27,2,2,4
2728,98,28,2,2,5
2729,98,29,1,3,7
2730,99,0,2,2,4
2731,99,1,2,3,4
2732,99,2,2,2,4
2733,99,3,2,3,7
2734,99,4,2,2,4
2735,99,5,2,2,3
2736,99,6,2,2,3
2737,99,7,2,2,4
2738,99,8,2,3,4
2739,99,9,2,2,3
2740,99,10,2,2,3
2741,99,11,2,2,2
2742,99,12,2,2,5
2743,99,13,2,5,7
2744,99,14,2,2,6
2745,99,15,2,2,4
2746,99,16,2,3,3
2747,99,17,2,3,4
2748,99,18,2,2,4
2749,99,19,2,2,4
2750,99,20,2,2,4
2751,99,21,2,2,3
2752,99,22,2,2,3
2753,99,23,2,3,5
2754,99,24,2,3,4
2755,99,25,2,2,5
2756,99,26,2,3,2
2757,99,27,2,2,3
2758,99,28,2,2,3
2759,99,29,2,2,5
2760,100,0,2,19,32
2761,100,1,2,2,5
2762,100,2,2,2,5
2763,100,3,2,2,4
2764,100,4,2,3,4
2765,100,5,2,2,3
2766,100,6,2,2,4
2767,100,7,2,5,10
2768,100,8,2,4,6
2769,100,9,2,5,8
2770,100,10,2,7,12
2771,100,11,2,5,10
2772,100,12,2,5,7
2773,100,13,2,2,1
2774,100,14,2,4,7
2775,100,15,2,2,3
2776,100,16,2,12,21
2777,100,17,2,3,3
2778,100,18,2,2,4
2779,100,19,2,2,5
2780,100,20,2,2,3
2781,100,21,2,7,9
2782,100,22,2,7,14
2783,100,23,2,5,9
2784,100,24,2,2,4
2785,100,25,2,4,7
2786,100,26,2,2,4
2787,100,27,2,2,5
2788,100,28,2,17,30
2789,100,29,2,2,6
2790,102,0,0,9,15
2791,102,1,0,2,2
2792,102,2,0,11,16
2793,102,3,0,7,15
2794,102,4,0,3,3
2795,102,5,0,8,13
2796,102,6,0,10,11
2797,102,7,0,3,5
2798,102,8,0,3,4
2799,102,9,0,2,4
2800,102,10,0,7,14
2801,102,11,0,4,4
2802,102,12,0,2,5
2803,102,13,0,10,20
2804,102,14,0,2,4
2805,102,15,0,2,3
2806,102,16,0,3,3
2807,102,17,0,5,9
2808,102,18,0,2,4
2809,102,19,0,2,1
2810,102,20,0,2,3
2811,102,21,0,9,16
2812,102,22,0,7,12
2813,102,23,0,2,5
2814,102,24,0,3,7
2815,102,25,0,4,4
2816,102,26,0,2,6
2817,102,27,0,13,21
2818,102,28,0,5,8
2819,102,29,0,2,5
2820,103,0,0,1,1
2821,103,1,0,5,8
2822,103,2,0,2,3
2823,103,3,0,5,10
2824,103,4,0,6,13
2825,103,5,0,1,2
2826,103,6,0,8,17
2827,103,7,0,5,11
2828,103,8,0,3,3
2829,103,9,0,1,1
2830,103,10,0,1,3
2831,103,11,0,5,10
2832,103,12,0,7,10
2833,103,13,0,1,2
2834,103,14,0,2,1
2835,103,15,0,6,8
2836,103,16,0,2,6
2837,103,17,0,8,16
2838,103,18,0,1,3
2839,103,19,0,8,12
2840,103,20,0,1,2
2841,103,21,0,7,13
2842,103,22,0,6,11
2843,103,23,0,10,23
2844,103,24,0,1,2
2845,103,25,0,1,2
2846,103,26,0,3,5
2847,103,27,0,1,3
2848,103,28,0,3,5
2849,103,29,0,1,3
2850,106,0,2,2,4
2851,106,1,2,2,5
2852,106,2,1,3,3
2853,106,3,2,2,3
2854,106,4,2,2,6
2855,106,5,2,2,5
2856,106,6,2,2,1
2857,106,7,2,3,5
2858,106,8,1,4,6
2859,106,9,2,2,2
2860,106,10,2,2,3
2861,106,11,2,1,3
2862,106,12,2,2,1
2863,106,13,2,2,4
2864,106,14,2,3,3
2865,106,15,2,2,2
2866,106,16,2,2,5
2867,106,17,1,3,8
2868,106,18,2,2,4
2869,106,19,1,6,7
2870,106,20,2,4,8
2871,106,21,1,4,7
2872,106,22,2,2,3
2873,106,23,1,4,11
2874,106,24,2,2,4
2875,106,25,2,4,7
2876,106,26,2,2,3
2877,106,27,2,7,17
2878,106,28,2,1,3
2879,106,29,1,3,6
2880,107,0,0,2,5
2881,107,1,0,2,5
2882,107,2,0,2,4
2883,107,3,0,2,3
2884,107,4,0,2,3
2885,107,5,2,3,8
2886,107,6,0,3,4
2887,107,7,0,3,7
2888,107,8,0,2,4
2889,107,9,0,2,3
2890,107,10,0,2,4
2891,107,11,0,2,5
2892,107,12,0,5,11
2893,107,13,0,5,11
2894,107,14,0,2,5
2895,107,15,0,2,2
2896,107,16,0,3,4
2897,107,17,0,2,6
2898,107,18,0,2,4
2899,107,19,0,5,9
2900,107,20,0,2,3
2901,107,21,0,2,5
2902,107,22,0,3,7
2903,107,23,0,2,6
2904,107,24,0,2,5
2905,107,25,0,2,4
2906,107,26,0,2,4
2907,107,27,0,3,10
2908,107,28,0,3,7
2909,107,29,0,11,21
2910,109,0,2,1,0
2911,109,1,2,4,7
2912,109,2,2,1,2
2913,109,3,2,3,5
2914,109,4,2,2,3
2915,109,5,2,2,5
2916,109,6,2,2,2
2917,109,7,2,3,8
2918,109,8,2,4,8
2919,109,9,2,3,5
2920,109,10,2,1,1
2921,109,11,2,4,8
2922,109,12,2,2,3
2923,109,13,2,1,2
2924,109,14,2,1,2
2925,109,15,2,1,2
2926,109,16,2,2,3
2927,109,17,2,1,3
2928,109,18,2,4,5
2929,109,19,2,2,4
2930,109,20,2,2,5
2931,109,21,2,5,11
2932,109,22,2,2,4
2933,109,23,2,8,16
2934,109,24,2,3,4
2935,109,25,2,3,4
2936,109,26,2,4,8
2937,109,27,2,4,9
2938,109,28,2,7,12
2939,109,29,2,2,2
2940,111,0,0,1,0
2941,111,1,0,2,2
2942,111,2,0,1,1
2943,111,3,0,4,7
2944,111,4,0,2,3
2945,111,5,0,3,5
2946,111,6,0,1,1
2947,111,7,0,1,1
2948,111,8,0,2,4
2949,111,9,0,1,1
2950,111,10,0,2,3
2951,111,11,0,1,2
2952,111,12,0,1,0
2953,111,13,0,4,6
2954,111,14,0,1,0
2955,111,15,0,1,1
2956,111,16,0,1,1
2957,111,17,0,1,1
2958,111,18,0,2,3
2959,111,19,0,1,2
2960,111,20,0,1,0
2961,111,21,0,1,1
2962,111,22,0,4,4
2963,111,23,0,1,0
2964,111,24,0,4,9
2965,111,25,0,2,2
2966,111,26,0,2,2
2967,111,27,0,1,1
2968,111,28,0,1,2
2969,111,29,0,1,0
2970,112,0,2,10,27
2971,112,1,2,2,3
2972,112,2,2,3,3
2973,112,3,2,2,2
2974,112,4,2,3,6
2975,112,5,2,2,4
2976,112,6,2,2,4
2977,112,7,2,3,7
2978,112,8,2,2,3
2979,112,9,2,3,6
2980,112,10,2,2,3
2981,112,11,2,2,4
2982,112,12,2,2,5
2983,112,13,2,2,2
2984,112,14,2,8,20
2985,112,15,2,2,3
2986,112,16,2,2,2
2987,112,17,2,2,4
2988,112,18,2,2,4
2989,112,19,2,3,6
2990,112,20,2,2,3
2991,112,21,2,2,3
2992,112,22,2,3,6
2993,112,23,2,2,6
2994,112,24,2,3,7
2995,112,25,2,2,1
2996,112,26,2,2,2
2997,112,27,1,3,4
2998,112,28,2,2,5
2999,112,29,2,2,5
3000,113,0,1,6,15
3001,113,1,0,2,5
3002,113,2,1,3,7
3003,113,3,1,3,5
3004,113,4,1,4,9
3005,113,5,1,5,12
3006,113,6,1,3,4
3007,113,7,1,5,11
3008,113,8,1,3,4
3009,113,9,0,8,15
3010,113,10,1,3,4
3011,113,11,1,3,6
3012,113,12,0,2,4
3013,113,13,0,3,8
3014,113,14,1,3,7
3015,113,15,1,7,16
3016,113,16,1,3,6
3017,113,17,1,4,9
3018,113,18,1,3,6
3019,113,19,0,7,18
3020,113,20,1,5,14
3021,113,21,0,1,3
3022,113,22,1,5,10
3023,113,23,1,3,9
3024,113,24,1,3,7
3025,113,25,0,3,7
3026,113,26,1,3,7
3027,113,27,1,3,4
3028,113,28,1,3,7
3029,113,29,1,3,9
3030,114,0,0,2,2
3031,114,1,0,1,1
3032,114,2,0,2,4
3033,114,3,0,1,2
3034,114,4,0,1,1
3035,114,5,0,4,6
3036,114,6,0,1,1
3037,114,7,0,1,1
3038,114,8,0,2,3
3039,114,9,0,2,5
3040,114,10,0,1,1
3041,114,11,0,2,3
3042,114,12,0,1,1
3043,114,13,0,1,1
3044,114,14,0,1,1
3045,114,15,0,3,5
3046,114,16,0,1,1
3047,114,17,0,2,4
3048,114,18,0,3,4
3049,114,19,0,4,4
3050,114,20,0,3,2
3051,114,21,0,3,5
3052,114,22,0,1,0
3053,114,23,0,2,3
3054,114,24,0,1,1
3055,114,25,0,2,5
3056,114,26,0,2,4
3057,114,27,0,1,2
3058,114,28,0,1,2
3059,114,29,0,1,2
3060,115,0,2,1,3
3061,115,1,2,9,18
3062,115,2,2,39,63
3063,115,3,2,1,3
3064,115,4,2,36,66
3065,115,5,2,38,64
3066,115,6,2,1,1
3067,115,7,2,37,64
3068,115,8,2,41,60
3069,115,9,2,35,67
3070,115,10,1,37,64
3071,115,11,2,3,6
3072,115,12,1,41,62
3073,115,13,2,34,66
3074,115,14,2,3,6
3075,115,15,2,35,65
3076,115,16,1,38,64
3077,115,17,2,38,64
3078,115,18,2,39,61
3079,115,19,2,38,62
3080,115,20,2,36,64
3081,115,21,2,1,3
3082,115,22,1,38,62
3083,115,23,2,16,24
3084,115,24,2,1,2
3085,115,25,1,42,60
3086,115,26,2,1,3
3087,115,27,2,41,61
3088,115,28,2,39,61
3089,115,29,2,36,64
3090,118,0,2,2,2
3091,118,1,2,2,3
3092,118,2,2,1,3
3093,118,3,2,1,2
3094,118,4,2,1,3
3095,118,5,2,1,1
3096,118,6,2,3,5
3097,118,7,2,6,12
3098,118,8,2,2,3
3099,118,9,2,4,7
3100,118,10,2,1,2
3101,118,11,2,1,3
3102,118,12,2,2,2
3103,118,13,2,4,6
3104,118,14,2,2,2
3105,118,15,2,4,7
3106,118,16,2,2,3
3107,118,17,2,4,9
3108,118,18,2,1,0
3109,118,19,2,2,5
3110,118,20,2,2,3
3111,118,21,2,5,8
3112,118,22,2,4,5
3113,118,23,2,1,3
3114,118,24,2,4,5
3115,118,25,2,1,3
3116,118,26,2,5,10
3117,118,27,2,6,12
3118,118,28,2,4,8
3119,118,29,2,4,8
3120,121,0,0,1,2
3121,121,1,0,1,3
3122,121,2,0,1,2
3123,121,3,0,2,1
3124,121,4,0,1,3
3125,121,5,0,1,2
3126,121,6,0,1,2
3127,121,7,0,2,3
3128,121,8,0,2,2
3129,121,9,0,1,1
3130,121,10,0,1,2
3131,121,11,0,1,2
3132,121,12,0,1,0
3133,121,13,0,1,2
3134,121,14,0,1,2
3135,121,15,0,3,3
3136,121,16,0,1,2
3137,121,17,0,2,3
3138,121,18,0,2,3
3139,121,19,0,1,3
3140,121,20,0,1,2
3141,121,21,0,1,2
3142,121,22,0,1,1
3143,121,23,0,1,2
3144,121,24,0,1,2
3145,121,25,0,1,3
3146,121,26,0,1,2
3147,121,27,0,1,2
3148,121,28,0,2,5
3149,121,29,0,1,4
3150,122,0,2,2,3
3151,122,1,2,2,5
3152,122,2,2,7,11
3153,122,3,2,2,4
3154,122,4,2,9,9
3155,122,5,2,3,6
3156,122,6,2,8,13
3157,122,7,2,7,15
3158,122,8,2,2,5
3159,122,9,2,3,4
3160,122,10,2,11,18
3161,122,11,2,2,5
3162,122,12,2,4,6
3163,122,13,2,2,5
3164,122,14,2,2,4
3165,122,15,2,5,12
3166,122,16,2,5,9
3167,122,17,2,3,5
3168,122,18,2,2,3
3169,122,19,2,5,7
3170,122,20,2,3,3
3171,122,21,2,2,4
3172,122,22,2,2,3
3173,122,23,2,4,8
3174,122,24,2,2,3
3175,122,25,2,9,15
3176,122,26,2,2,4
3177,122,27,2,4,8
3178,122,28,2,7,13
3179,122,29,2,2,4
3180,123,0,0,2,5
3181,123,1,2,12,22
3182,123,2,2,35,56
3183,123,3,2,4,7
3184,123,4,2,4,8
3185,123,5,2,7,13
3186,123,6,2,4,7
3187,123,7,2,10,14
3188,123,8,0,1,0
3189,123,9,0,3,4
3190,123,10,0,2,6
3191,123,11,2,3,7
3192,123,12,2,5,12
3193,123,13,2,9,18
3194,123,14,2,4,6
3195,123,15,0,3,8
3196,123,16,0,2,6
3197,123,17,2,2,3
3198,123,18,2,9,19
3199,123,19,0,2,4
3200,123,20,2,12,22
3201,123,21,0,5,8
3202,123,22,2,26,47
3203,123,23,0,5,11
3204,123,24,0,2,6
3205,123,25,2,27,52
3206,123,26,2,10,22
3207,123,27,0,2,3
3208,123,28,0,4,9
3209,123,29,2,7,11
3210,126,0,2,2,4
3211,126,1,2,2,4
3212,126,2,2,2,6
3213,126,3,2,2,4
3214,126,4,2,4,4
3215,126,5,2,2,5
3216,126,6,2,2,5
3217,126,7,2,9,11
3218,126,8,2,2,5
3219,126,9,2,3,5
3220,126,10,2,4,7
3221,126,11,2,2,5
3222,126,12,2,2,2
3223,126,13,2,2,5
3224,126,14,2,12,21
3225,126,15,2,2,5
3226,126,16,2,4,8
3227,126,17,2,2,3
3228,126,18,2,5,9
3229,126,19,2,2,7
3230,126,20,2,2,2
3231,126,21,2,2,6
3232,126,22,2,2,6
3233,126,23,2,8,14
3234,126,24,2,2,2
3235,126,25,2,2,3
3236,126,26,2,9,11
3237,126,27,2,4,8
3238,126,28,2,2,6
3239,126,29,2,2,6
3240,127,0,2,9,19
3241,127,1,2,2,5
3242,127,2,2,4,7
3243,127,3,0,2,5
3244,127,4,0,1,2
3245,127,5,2,5,13
3246,127,6,0,1,4
3247,127,7,2,3,8
3248,127,8,2,1,2
3249,127,9,2,2,6
3250,127,10,2,4,7
3251,127,11,2,4,8
3252,127,12,2,2,4
3253,127,13,2,5,8
3254,127,14,2,2,6
3255,127,15,0,1,3
3256,127,16,0,1,2
3257,127,17,2,2,5
3258,127,18,2,4,10
3259,127,19,2,3,7
3260,127,20,2,3,6
3261,127,21,2,2,6
3262,127,22,2,3,7
3263,127,23,2,2,5
3264,127,24,0,4,6
3265,127,25,2,5,14
3266,127,26,2,10,21
3267,127,27,2,2,5
3268,127,28,0,2,3
3269,127,29,2,1,3
3270,129,0,0,7,9
3271,129,1,0,1,3
3272,129,2,0,2,3
3273,129,3,0,29,50
3274,129,4,0,1,2
3275,129,5,0,1,3
3276,129,6,0,7,11
3277,129,7,0,23,37
3278,129,8,0,32,48
3279,129,9,0,1,2
3280,129,10,0,1,1
3281,129,11,0,5,6
3282,129,12,0,3,5
3283,129,13,0,12,22
3284,129,14,0,7,10
3285,129,15,0,32,53
3286,129,16,0,2,5
3287,129,17,0,1,2
3288,129,18,0,11,14
3289,129,19,0,1,2
3290,129,20,0,4,8
3291,129,21,0,13,17
3292,129,22,0,33,53
3293,129,23,0,6,11
3294,129,24,0,37,63
3295,129,25,0,1,1
3296,129,26,0,5,6
3297,129,27,0,6,11
3298,129,28,0,3,6
3299,129,29,0,1,2
3300,132,0,0,1,2
3301,132,1,0,1,3
3302,132,2,0,1,3
3303,132,3,0,1,1
3304,132,4,0,1,1
3305,132,5,0,1,3
3306,132,6,0,1,3
3307,132,7,0,1,3
3308,132,8,0,2,4
3309,132,9,0,1,3
3310,132,10,0,1,3
3311,132,11,0,2,4
3312,132,12,0,1,2
3313,132,13,0,1,1
3314,132,14,0,1,1
3315,132,15,0,1,2
3316,132,16,0,1,3
3317,132,17,0,1,2
3318,132,18,0,2,2
3319,132,19,0,1,2
3320,132,20,0,1,3
3321,132,21,0,1,2
3322,132,22,0,1,2
3323,132,23,0,1,1
3324,132,24,0,1,1
3325,132,25,0,1,2
3326,132,26,0,1,2
3327,132,27,0,1,1
3328,132,28,0,1,3
3329,132,29,0,2,5
3330,133,0,0,2,1
3331,133,1,0,1,1
3332,133,2,0,1,1
3333,133,3,0,1,1
3334,133,4,0,2,4
3335,133,5,0,1,2
3336,133,6,0,1,0
3337,133,7,0,2,2
3338,133,8,0,1,1
3339,133,9,0,1,0
3340,133,10,0,1,1
3341,133,11,0,1,3
3342,133,12,0,3,6
3343,133,13,0,3,5
3344,133,14,0,1,2
3345,133,15,0,2,4
3346,133,16,0,1,2
3347,133,17,0,1,1
3348,133,18,0,1,2
3349,133,19,0,2,4
3350,133,20,0,1,1
3351,133,21,0,1,2
3352,133,22,0,1,2
3353,133,23,0,3,5
3354,133,24,0,2,1
3355,133,25,0,1,2
3356,133,26,0,1,2
3357,133,27,0,1,3
3358,133,28,0,1,2
3359,133,29,0,1,1
3360,139,0,0,1,1
3361,139,1,0,2,5
3362,139,2,0,2,3
3363,139,3,0,1,1
3364,139,4,0,2,4
3365,139,5,0,1,1
3366,139,6,0,2,2
3367,139,7,0,1,1
3368,139,8,0,2,5
3369,139,9,0,1,2
3370,139,10,0,1,1
3371,139,11,0,1,1
3372,139,12,0,1,2
3373,139,13,0,1,0
3374,139,14,0,2,3
3375,139,15,0,1,1
3376,139,16,0,1,2
3377,139,17,0,1,2
3378,139,18,0,1,1
3379,139,19,0,1,1
3380,139,20,0,2,3
3381,139,21,0,1,2
3382,139,22,0,1,1
3383,139,23,0,5,10
3384,139,24,0,1,1
3385,139,25,0,3,6
3386,139,26,0,1,0
3387,139,27,0,1,1
3388,139,28,0,2,5
3389,139,29,0,2,3
3390,140,0,1,1,2
3391,140,1,1,1,2
3392,140,2,1,1,1
3393,140,3,1,1,0
3394,140,4,1,1,1
3395,140,5,1,1,0
3396,140,6,1,1,0
3397,140,7,1,1,2
3398,140,8,1,1,0
3399,140,9,1,2,2
3400,140,10,1,3,4
3401,140,11,1,1,0
3402,140,12,1,1,1
3403,140,13,1,1,1
3404,140,14,1,2,1
3405,140,15,1,1,2
3406,140,16,1,2,1
3407,140,17,1,1,1
3408,140,18,1,2,3
3409,140,19,1,2,3
3410,140,20,1,1,0
3411,140,21,1,1,1
3412,140,22,1,1,1
3413,140,23,2,3,5
3414,140,24,1,1,1
3415,140,25,1,2,2
3416,140,26,1,1,1
3417,140,27,1,2,2
3418,140,28,1,1,1
3419,140,29,1,1,1
3420,142,0,1,5,10
3421,142,1,1,8,14
3422,142,2,1,7,15
3423,142,3,1,5,5
3424,142,4,1,3,4
3425,142,5,1,5,5
3426,142,6,1,4,8
3427,142,7,1,10,21
3428,142,8,1,3,8
3429,142,9,1,7,13
3430,142,10,1,3,5
3431,142,11,1,7,14
3432,142,12,1,4,7
3433,142,13,1,5,9
3434,142,14,1,3,5
3435,142,15,1,3,4
3436,142,16,2,1,3
3437,142,17,1,3,7
3438,142,18,1,12,22
3439,142,19,1,4,7
3440,142,20,1,6,15
3441,142,21,1,6,9
3442,142,22,1,8,14
3443,142,23,1,5,9
3444,142,24,2,2,4
3445,142,25,1,4,7
3446,142,26,1,3,5
3447,142,27,1,24,56
3448,142,28,1,4,9
3449,142,29,1,3,5
3450,143,0,2,33,68
3451,143,1,1,3,6
3452,143,2,2,34,69
3453,143,3,1,3,6
3454,143,4,2,3,6
3455,143,5,2,3,4
3456,143,6,1,4,8
3457,143,7,2,6,11
3458,143,8,1,33,67
3459,143,9,1,32,69
3460,143,10,2,2,3
3461,143,11,2,2,4
3462,143,12,1,33,70
3463,143,13,2,31,72
3464,143,14,2,2,4
3465,143,15,2,33,68
3466,143,16,2,4,9
3467,143,17,2,3,9
3468,143,18,1,2,4
3469,143,19,1,35,66
3470,143,20,1,3,4
3471,143,21,2,33,68
3472,143,22,2,33,70
3473,143,23,1,32,71
3474,143,24,2,2,4
3475,143,25,1,7,17
3476,143,26,2,2,3
3477,143,27,2,33,68
3478,143,28,2,8,18
3479,143,29,2,4,9
3480,144,0,0,1,2
3481,144,1,0,6,12
3482,144,2,0,1,2
3483,144,3,0,1,2
3484,144,4,0,1,3
3485,144,5,0,3,4
3486,144,6,0,2,3
3487,144,7,0,3,5
3488,144,8,0,1,0
3489,144,9,0,2,3
3490,144,10,0,1,3
3491,144,11,0,2,3
3492,144,12,0,1,2
3493,144,13,0,2,3
3494,144,14,0,2,2
3495,144,15,0,1,2
3496,144,16,0,1,2
3497,144,17,0,1,1
3498,144,18,0,3,3
3499,144,19,0,2,5
3500,144,20,0,2,6
3501,144,21,0,1,1
3502,144,22,0,2,3
3503,144,23,0,4,8
3504,144,24,0,2,5
3505,144,25,0,1,1
3506,144,26,0,1,3
3507,144,27,0,1,2
3508,144,28,0,3,6
3509,144,29,0,4,8
3510,145,0,2,2,2
3511,145,1,1,8,16
3512,145,2,2,2,2
3513,145,3,1,3,4
3514,145,4,2,2,4
3515,145,5,2,2,4
3516,145,6,1,6,13
3517,145,7,2,2,3
3518,145,8,1,4,9
3519,145,9,2,2,4
3520,145,10,1,3,8
3521,145,11,2,2,3
3522,145,12,2,2,3
3523,145,13,1,4,7
3524,145,14,2,3,6
3525,145,15,1,3,2
3526,145,16,1,3,6
3527,145,17,1,3,6
3528,145,18,1,3,6
3529,145,19,2,2,1
3530,145,20,1,3,5
3531,145,21,1,6,12
3532,145,22,1,3,5
3533,145,23,2,2,3
3534,145,24,1,4,8
3535,145,25,2,2,1
3536,145,26,2,2,3
3537,145,27,1,3,4
3538,145,28,1,5,11
3539,145,29,2,2,3
3540,148,0,0,2,4
3541,148,1,0,2,3
3542,148,2,0,1,2
3543,148,3,0,1,2
3544,148,4,0,1,2
3545,148,5,0,1,2
3546,148,6,0,1,3
3547,148,7,0,1,3
3548,148,8,0,1,2
3549,148,9,0,2,3
3550,148,10,0,3,6
3551,148,11,0,1,3
3552,148,12,0,1,3
3553,148,13,0,1,4
3554,148,14,0,5,8
3555,148,15,0,1,4
3556,148,16,0,2,4
3557,148,17,0,1,2
3558,148,18,0,1,1
3559,148,19,0,3,2
3560,148,20,0,1,3
3561,148,21,0,3,5
3562,148,22,0,2,4
3563,148,23,0,3,4
3564,148,24,0,1,2
3565,148,25,0,1,3
3566,148,26,0,1,3
3567,148,27,0,1,3
3568,148,28,0,1,2
3569,148,29,0,3,4
3570,149,0,1,3,5
3571,149,1,1,4,3
3572,149,2,1,4,8
3573,149,3,1,3,7
3574,149,4,1,3,6
3575,149,5,1,3,6
3576,149,6,1,3,8
3577,149,7,1,6,6
3578,149,8,1,3,7
3579,149,9,1,3,7
3580,149,10,1,3,8
3581,149,11,1,3,7
3582,149,12,1,3,6
3583,149,13,1,3,6
3584,149,14,1,3,6
3585,149,15,1,3,7
3586,149,16,1,3,5
3587,149,17,1,3,6
3588,149,18,1,3,7
3589,149,19,1,4,7
3590,149,20,1,3,5
3591,149,21,1,6,12
3592,149,22,1,3,8
3593,149,23,1,3,5
3594,149,24,1,3,4
3595,149,25,1,3,3
3596,149,26,1,3,5
3597,149,27,1,3,7
3598,149,28,1,3,8
3599,149,29,1,6,15
3600,154,0,2,1,1
3601,154,1,2,1,2
3602,154,2,2,2,3
3603,154,3,2,3,6
3604,154,4,2,1,2
3605,154,5,2,2,2
3606,154,6,2,1,1
3607,154,7,2,4,2
3608,154,8,2,1,2
3609,154,9,2,1,2
3610,154,10,2,1,1
3611,154,11,2,1,2
3612,154,12,2,1,2
3613,154,13,2,1,1
3614,154,14,2,1,2
3615,154,15,2,1,0
3616,154,16,2,1,0
3617,154,17,2,1,1
3618,154,18,2,1,1
3619,154,19,2,1,0
3620,154,20,2,1,0
3621,154,21,2,1,1
3622,154,22,2,3,2
3623,154,23,2,1,1
3624,154,24,2,1,2
3625,154,25,2,1,0
3626,154,26,2,1,2
3627,154,27,2,2,1
3628,154,28,2,4,6
3629,154,29,2,1,1
3630,156,0,2,2,4
3631,156,1,2,35,56
3632,156,2,2,40,62
3633,156,3,2,24,39
3634,156,4,2,2,2
3635,156,5,2,2,3
3636,156,6,2,2,5
3637,156,7,2,2,3
3638,156,8,0,3,3
3639,156,9,2,22,37
3640,156,10,2,3,4
3641,156,11,2,35,59
3642,156,12,2,2,4
3643,156,13,2,2,3
3644,156,14,2,2,2
3645,156,15,2,23,39
3646,156,16,2,37,61
3647,156,17,2,10,13
3648,156,18,2,2,3
3649,156,19,0,2,2
3650,156,20,2,2,4
3651,156,21,2,31,54
3652,156,22,2,35,62
3653,156,23,2,2,3
3654,156,24,2,39,62
3655,156,25,2,32,48
3656,156,26,2,37,64
3657,156,27,2,2,5
3658,156,28,2,17,27
3659,156,29,2,38,64
3660,158,0,2,2,4
3661,158,1,2,2,3
3662,158,2,2,2,3
3663,158,3,2,2,2
3664,158,4,2,2,4
3665,158,5,2,5,4
3666,158,6,2,3,5
3667,158,7,2,2,2
3668,158,8,2,2,4
3669,158,9,2,2,3
3670,158,10,2,2,2
3671,158,11,2,2,5
3672,158,12,2,2,5
3673,158,13,2,2,5
3674,158,14,2,2,2
3675,158,15,2,2,3
3676,158,16,2,2,5
3677,158,17,2,2,4
3678,158,18,2,2,3
3679,158,19,2,2,3
3680,158,20,2,2,4
3681,158,21,2,5,9
3682,158,22,2,2,4
3683,158,23,2,2,4
3684,158,24,2,2,3
3685,158,25,2,2,5
3686,158,26,2,3,7
3687,158,27,2,3,5
3688,158,28,2,2,4
3689,158,29,2,2,4
3690,163,0,0,1,3
3691,163,1,0,2,4
3692,163,2,0,9,12
3693,163,3,0,1,4
3694,163,4,0,3,2
3695,163,5,0,5,12
3696,163,6,0,4,5
3697,163,7,0,1,2
3698,163,8,0,2,5
3699,163,9,0,9,15
3700,163,10,0,1,3
3701,163,11,0,35,65
3702,163,12,0,12,15
3703,163,13,0,1,3
3704,163,14,0,5,9
3705,163,15,0,2,3
3706,163,16,0,2,2
3707,163,17,0,10,16
3708,163,18,0,2,1
3709,163,19,0,1,3
3710,163,20,0,39,65
3711,163,21,0,1,3
3712,163,22,0,2,4
3713,163,23,0,1,2
3714,163,24,0,4,8
3715,163,25,0,19,33
3716,163,26,0,1,3
3717,163,27,0,1,3
3718,163,28,0,1,2
3719,163,29,0,1,3
3720,166,0,2,3,7
3721,166,1,2,5,9
3722,166,2,2,2,2
3723,166,3,2,3,6
3724,166,4,2,2,4
3725,166,5,2,2,2
3726,166,6,2,2,2
3727,166,7,2,4,9
3728,166,8,2,2,4
3729,166,9,2,7,15
3730,166,10,2,10,18
3731,166,11,2,2,3
3732,166,12,2,7,15
3733,166,13,2,2,3
3734,166,14,2,4,7
3735,166,15,2,4,7
3736,166,16,2,3,7
3737,166,17,2,4,4
3738,166,18,2,2,1
3739,166,19,2,3,6
3740,166,20,2,4,7
3741,166,21,2,4,7
3742,166,22,2,2,3
3743,166,23,2,2,3
3744,166,24,2,3,5
3745,166,25,2,2,4
3746,166,26,2,4,5
3747,166,27,2,2,3
3748,166,28,2,8,13
3749,166,29,2,4,5
3750,170,0,2,2,5
3751,170,1,2,2,4
3752,170,2,2,2,3
3753,170,3,2,2,4
3754,170,4,2,2,2
3755,170,5,2,2,4
3756,170,6,2,2,2
3757,170,7,2,2,5
3758,170,8,2,3,6
3759,170,9,2,2,2
3760,170,10,2,2,5
3761,170,11,2,2,3
3762,170,12,2,2,4
3763,170,13,2,2,4
3764,170,14,2,2,5
3765,170,15,2,2,3
3766,170,16,2,2,4
3767,170,17,2,2,3
3768,170,18,2,2,6
3769,170,19,2,2,3
3770,170,20,2,2,2
3771,170,21,2,2,2
3772,170,22,2,2,1
3773,170,23,2,2,4
3774,170,24,2,2,5
3775,170,25,2,2,4
3776,170,26,2,2,4
3777,170,27,2,2,5
3778,170,28,2,2,3
3779,170,29,2,2,4
3780,173,0,2,11,24
3781,173,1,2,4,7
3782,173,2,2,8,15
3783,173,3,2,2,2
3784,173,4,2,2,5
3785,173,5,2,2,6
3786,173,6,2,2,2
3787,173,7,2,15,36
3788,173,8,2,2,6
3789,173,9,2,2,1
3790,173,10,2,8,21
3791,173,11,2,7,8
3792,173,12,2,5,9
3793,173,13,2,2,2
3794,173,14,2,4,7
3795,173,15,2,2,5
3796,173,16,2,9,16
3797,173,17,2,2,2
3798,173,18,2,2,4
3799,173,19,2,4,8
3800,173,20,2,2,5
3801,173,21,2,4,6
3802,173,22,2,9,21
3803,173,23,2,9,11
3804,173,24,2,10,13
3805,173,25,2,4,7
3806,173,26,2,4,7
3807,173,27,2,2,3
3808,173,28,2,7,19
3809,173,29,2,4,9
3810,179,0,0,4,9
3811,179,1,0,1,2
3812,179,2,0,1,1
3813,179,3,0,1,1
3814,179,4,0,1,2
3815,179,5,0,4,9
3816,179,6,0,3,9
3817,179,7,0,1,2
3818,179,8,0,1,3
3819,179,9,0,3,6
3820,179,10,0,4,8
3821,179,11,0,1,3
3822,179,12,0,4,8
3823,179,13,0,3,6
3824,179,14,0,3,6
3825,179,15,0,2,4
3826,179,16,0,4,8
3827,179,17,0,1,3
3828,179,18,0,1,2
3829,179,19,0,1,2
3830,179,20,0,1,2
3831,179,21,0,3,6
3832,179,22,0,3,7
3833,179,23,0,4,7
3834,179,24,0,1,2
3835,179,25,0,4,7
3836,179,26,0,3,7
3837,179,27,0,1,3
3838,179,28,0,3,4
3839,179,29,0,1,2
3840,183,0,2,1,1
3841,183,1,2,1,1
3842,183,2,2,1,0
3843,183,3,2,1,0
3844,183,4,2,2,3
3845,183,5,2,1,1
3846,183,6,2,2,4
3847,183,7,2,3,6
3848,183,8,2,2,2
3849,183,9,2,1,2
3850,183,10,2,2,6
3851,183,11,2,1,0
3852,183,12,2,1,0
3853,183,13,2,1,0
3854,183,14,2,4,5
3855,183,15,2,1,0
3856,183,16,2,1,1
3857,183,17,2,1,1
3858,183,18,2,1,1
3859,183,19,2,4,6
3860,183,20,2,2,5
3861,183,21,2,1,0
3862,183,22,2,1,2
3863,183,23,2,1,0
3864,183,24,2,1,2
3865,183,25,2,1,2
3866,183,26,2,1,1
3867,183,27,2,3,7
3868,183,28,2,1,2
3869,183,29,2,1,0
3870,186,0,0,1,3
3871,186,1,0,1,2
3872,186,2,0,1,1
3873,186,3,0,1,1
3874,186,4,0,1,2
3875,186,5,0,1,2
3876,186,6,0,1,1
3877,186,7,0,2,3
3878,186,8,0,1,2
3879,186,9,0,1,1
3880,186,10,0,1,2
3881,186,11,0,2,3
3882,186,12,0,2,0
3883,186,13,0,1,2
3884,186,14,0,1,2
3885,186,15,0,1,2
3886,186,16,0,1,1
3887,186,17,0,1,1
3888,186,18,0,2,4
3889,186,19,0,5,7
3890,186,20,0,1,1
3891,186,21,0,1,3
3892,186,22,0,1,0
3893,186,23,0,2,4
3894,186,24,0,1,2
3895,186,25,0,1,2
3896,186,26,0,1,2
3897,186,27,0,1,1
3898,186,28,0,1,2
3899,186,29,0,2,0
3900,190,0,2,4,6
3901,190,1,2,2,4
3902,190,2,2,6,10
3903,190,3,2,2,3
3904,190,4,2,2,5
3905,190,5,2,4,7
3906,190,6,2,4,8
3907,190,7,2,2,3
3908,190,8,2,5,11
3909,190,9,2,2,2
3910,190,10,2,2,4
3911,190,11,2,3,4
3912,190,12,2,2,5
3913,190,13,2,3,7
3914,190,14,2,3,7
3915,190,15,2,6,12
3916,190,16,2,2,2
3917,190,17,2,2,3
3918,190,18,2,2,3
3919,190,19,2,2,5
3920,190,20,2,1,3
3921,190,21,2,2,4
3922,190,22,2,2,5
3923,190,23,2,1,1
3924,190,24,2,1,3
3925,190,25,2,2,2
3926,190,26,2,3,7
3927,190,27,2,4,11
3928,190,28,2,2,6
3929,190,29,2,2,4
3930,192,0,0,1,2
3931,192,1,0,1,1
3932,192,2,0,2,4
3933,192,3,0,2,3
3934,192,4,0,1,2
3935,192,5,0,1,1
3936,192,6,0,1,2
3937,192,7,0,5,8
3938,192,8,0,1,2
3939,192,9,0,3,3
3940,192,10,0,1,2
3941,192,11,0,1,2
3942,192,12,0,1,2
3943,192,13,0,1,3
3944,192,14,0,1,1
3945,192,15,0,2,3
3946,192,16,0,1,2
3947,192,17,0,3,5
3948,192,18,0,1,1
3949,192,19,0,1,2
3950,192,20,0,1,3
3951,192,21,0,1,2
3952,192,22,0,2,2
3953,192,23,0,1,2
3954,192,24,0,2,4
3955,192,25,0,2,4
3956,192,26,0,1,1
3957,192,27,0,2,3
3958,192,28,0,1,1
3959,192,29,0,1,2
3960,196,0,2,3,3
3961,196,1,2,3,4
3962,196,2,2,3,6
3963,196,3,2,2,2
3964,196,4,2,4,8
3965,196,5,2,4,6
3966,196,6,2,2,3
3967,196,7,2,4,6
3968,196,8,2,2,4
3969,196,9,2,4,6
3970,196,10,2,4,6
3971,196,11,2,2,2
3972,196,12,2,3,5
3973,196,13,2,1,2
3974,196,14,2,2,2
3975,196,15,2,2,2
3976,196,16,2,2,4
3977,196,17,2,2,4
3978,196,18,2,2,5
3979,196,19,2,5,10
3980,196,20,2,2,3
3981,196,21,2,7,11
3982,196,22,2,2,1
3983,196,23,2,3,4
3984,196,24,2,3,3
3985,196,25,2,2,3
3986,196,26,2,2,3
3987,196,27,2,2,3
3988,196,28,2,2,4
3989,196,29,2,2,2
3990,207,0,0,5,8
3991,207,1,0,4,7
3992,207,2,0,1,3
3993,207,3,0,1,2
3994,207,4,0,1,3
3995,207,5,0,2,4
3996,207,6,0,1,2
3997,207,7,0,1,3
3998,207,8,0,5,7
3999,207,9,0,1,2
4000,207,10,0,1,1
4001,207,11,0,1,3
4002,207,12,0,1,1
4003,207,13,0,1,2
4004,207,14,0,5,10
4005,207,15,0,1,2
4006,207,16,0,5,11
4007,207,17,0,5,7
4008,207,18,0,5,4
4009,207,19,0,5,6
4010,207,20,0,1,3
4011,207,21,0,1,1
4012,207,22,0,1,1
4013,207,23,0,2,4
4014,207,24,0,1,3
4015,207,25,0,1,2
4016,207,26,0,5,8
4017,207,27,0,3,4
4018,207,28,0,4,5
4019,207,29,0,1,1
4020,210,0,0,3,5
4021,210,1,0,3,4
4022,210,2,0,2,2
4023,210,3,0,1,1
4024,210,4,0,6,8
4025,210,5,0,4,6
4026,210,6,0,2,2
4027,210,7,0,2,3
4028,210,8,0,1,2
4029,210,9,0,4,11
4030,210,10,0,1,3
4031,210,11,0,1,2
4032,210,12,0,1,3
4033,210,13,0,2,2
4034,210,14,0,1,1
4035,210,15,0,2,2
4036,210,16,0,1,3
4037,210,17,0,1,4
4038,210,18,0,1,2
4039,210,19,0,4,7
4040,210,20,0,1,3
4041,210,21,0,3,5
4042,210,22,0,3,5
4043,210,23,0,2,2
4044,210,24,0,1,2
4045,210,25,0,2,4
4046,210,26,0,1,2
4047,210,27,0,2,1
4048,210,28,0,1,2
4049,210,29,0,1,3
4050,214,0,0,5,11
4051,214,1,0,2,4
4052,214,2,0,4,6
4053,214,3,0,1,2
4054,214,4,0,1,3
4055,214,5,0,1,2
4056,214,6,0,1,1
4057,214,7,0,1,1
4058,214,8,0,1,2
4059,214,9,0,1,2
4060,214,10,0,1,2
4061,214,11,0,1,2
4062,214,12,0,1,3
4063,214,13,0,4,8
4064,214,14,0,4,6
4065,214,15,0,4,7
4066,214,16,0,3,7
4067,214,17,0,2,2
4068,214,18,0,1,3
4069,214,19,0,1,3
4070,214,20,0,1,3
4071,214,21,0,5,8
4072,214,22,0,8,17
4073,214,23,0,4,7
4074,214,24,0,1,2
4075,214,25,0,3,3
4076,214,26,0,3,6
4077,214,27,0,1,2
4078,214,28,0,5,10
4079,214,29,0,1,2
4080,215,0,0,1,1
4081,215,1,0,2,3
4082,215,2,0,2,4
4083,215,3,0,1,1
4084,215,4,0,1,3
4085,215,5,0,1,2
4086,215,6,0,1,2
4087,215,7,0,1,4
4088,215,8,0,4,5
4089,215,9,0,1,4
4090,215,10,0,1,3
4091,215,11,0,1,1
4092,215,12,0,1,1
4093,215,13,0,1,4
4094,215,14,0,1,2
4095,215,15,0,1,3
4096,215,16,0,1,3
4097,215,17,0,1,2
4098,215,18,0,1,3
4099,215,19,0,1,2
4100,215,20,0,2,4
4101,215,21,0,1,2
4102,215,22,0,2,4
4103,215,23,0,2,4
4104,215,24,0,1,3
4105,215,25,0,1,3
4106,215,26,0,1,1
4107,215,27,0,2,4
4108,215,28,0,2,5
4109,215,29,0,1,2
4110,223,0,0,2,3
4111,223,1,0,5,9
4112,223,2,0,2,3
4113,223,3,0,3,5
4114,223,4,0,1,1
4115,223,5,0,1,3
4116,223,6,0,1,0
4117,223,7,0,1,2
4118,223,8,0,3,5
4119,223,9,0,2,5
4120,223,10,0,1,3
4121,223,11,0,5,8
4122,223,12,0,6,15
4123,223,13,0,6,13
4124,223,14,0,2,3
4125,223,15,0,1,3
4126,223,16,0,1,2
4127,223,17,0,2,7
4128,223,18,0,1,1
4129,223,19,0,1,3
4130,223,20,0,1,1
4131,223,21,0,1,0
4132,223,22,0,1,2
4133,223,23,0,1,3
4134,223,24,0,5,11
4135,223,25,0,7,15
4136,223,26,0,2,4
4137,223,27,0,7,14
4138,223,28,0,5,11
4139,223,29,0,1,1
4140,254,0,0,2,3
4141,254,1,0,4,8
4142,254,2,0,3,4
4143,254,3,0,1,2
4144,254,4,0,1,3
4145,254,5,0,4,6
4146,254,6,0,1,3
4147,254,7,0,4,8
4148,254,8,0,2,4
4149,254,9,0,1,1
4150,254,10,0,1,1
4151,254,11,0,1,1
4152,254,12,0,1,1
4153,254,13,0,3,6
4154,254,14,0,1,2
4155,254,15,0,2,5
4156,254,16,0,1,2
4157,254,17,0,2,3
4158,254,18,0,1,3
4159,254,19,0,4,7
4160,254,20,0,2,2
4161,254,21,0,1,2
4162,254,22,0,1,0
4163,254,23,0,1,2
4164,254,24,0,2,6
4165,254,25,0,2,4
4166,254,26,0,2,6
4167,254,27,0,1,3
4168,254,28,0,2,4
4169,254,29,0,4,5
4170,283,0,0,2,3
4171,283,1,0,2,3
4172,283,2,0,1,2
4173,283,3,0,1,3
4174,283,4,0,2,5
4175,283,5,0,1,3
4176,283,6,0,3,3
4177,283,7,0,1,3
4178,283,8,0,2,0
4179,283,9,0,2,5
4180,283,10,0,1,2
4181,283,11,0,1,2
4182,283,12,0,2,5
4183,283,13,0,1,2
4184,283,14,0,2,5
4185,283,15,0,1,0
4186,283,16,0,1,1
4187,283,17,0,4,8
4188,283,18,0,1,3
4189,283,19,0,2,5
4190,283,20,0,2,4
4191,283,21,0,2,3
4192,283,22,0,1,2
4193,283,23,0,1,2
4194,283,24,0,1,2
4195,283,25,0,1,2
4196,283,26,0,1,3
4197,283,27,0,1,1
4198,283,28,0,4,9
4199,283,29,0,1,1
4200,289,0,0,2,3
4201,289,1,0,1,1
4202,289,2,0,1,1
4203,289,3,0,2,4
4204,289,4,0,2,4
4205,289,5,0,1,2
4206,289,6,0,1,3
4207,289,7,0,1,2
4208,289,8,0,1,1
4209,289,9,0,1,3
4210,289,10,0,4,9
4211,289,11,0,1,2
4212,289,12,0,1,0
4213,289,13,0,2,1
4214,289,14,0,1,2
4215,289,15,0,1,2
4216,289,16,0,1,2
4217,289,17,0,1,1
4218,289,18,0,1,1
4219,289,19,0,2,4
4220,289,20,0,1,2
4221,289,21,0,2,1
4222,289,22,0,1,2
4223,289,23,0,1,0
4224,289,24,0,2,4
4225,289,25,0,1,3
4226,289,26,0,2,3
4227,289,27,0,1,3
4228,289,28,0,1,2
4229,289,29,0,6,9
4230,297,0,0,2,3
4231,297,1,0,1,2
4232,297,2,0,1,0
4233,297,3,0,1,3
4234,297,4,0,1,2
4235,297,5,0,1,3
4236,297,6,0,1,2
4237,297,7,0,1,3
4238,297,8,0,1,2
4239,297,9,0,2,3
4240,297,10,0,3,2
4241,297,11,0,2,4
4242,297,12,0,2,4
4243,297,13,0,1,1
4244,297,14,0,1,2
4245,297,15,0,2,5
4246,297,16,0,1,2
4247,297,17,0,1,3
4248,297,18,0,1,3
4249,297,19,0,1,2
4250,297,20,0,1,2
4251,297,21,0,1,1
4252,297,22,0,1,2
4253,297,23,0,1,3
4254,297,24,0,1,0
4255,297,25,0,1,2
4256,297,26,0,2,4
4257,297,27,0,1,1
4258,297,28,0,1,1
4259,297,29,0,1,3
4260,302,0,0,1,2
4261,302,1,0,1,1
4262,302,2,0,2,2
4263,302,3,0,1,2
4264,302,4,0,2,3
4265,302,5,0,1,1
4266,302,6,0,1,1
4267,302,7,0,4,8
4268,302,8,0,1,2
4269,302,9,0,3,4
4270,302,10,0,4,9
4271,302,11,0,1,2
4272,302,12,0,1,3
4273,302,13,0,2,6
4274,302,14,0,2,3
4275,302,15,0,4,9
4276,302,16,0,4,8
4277,302,17,0,1,2
4278,302,18,0,1,1
4279,302,19,0,4,7
4280,302,20,0,2,2
4281,302,21,0,5,10
4282,302,22,0,5,9
4283,302,23,0,1,3
4284,302,24,0,4,8
4285,302,25,0,2,1
4286,302,26,0,2,3
4287,302,27,0,1,2
4288,302,28,0,4,6
4289,302,29,0,1,3
4290,306,0,2,5,10
4291,306,1,2,2,3
4292,306,2,2,3,9
4293,306,3,2,2,7
4294,306,4,2,2,5
4295,306,5,2,11,26
4296,306,6,2,3,4
4297,306,7,2,2,5
4298,306,8,2,4,3
4299,306,9,2,5,11
4300,306,10,2,2,5
4301,306,11,2,2,5
4302,306,12,2,2,3
4303,306,13,2,2,4
4304,306,14,2,2,3
4305,306,15,2,2,4
4306,306,16,2,5,11
4307,306,17,2,5,11
4308,306,18,2,2,6
4309,306,19,2,2,5
4310,306,20,2,2,4
4311,306,21,2,4,9
4312,306,22,2,2,5
4313,306,23,2,4,4
4314,306,24,2,2,4
4315,306,25,2,2,3
4316,306,26,2,2,4
4317,306,27,2,2,4
4318,306,28,2,3,9
4319,306,29,2,4,7
4320,307,0,0,2,4
4321,307,1,0,1,2
4322,307,2,0,1,1
4323,307,3,0,1,2
4324,307,4,0,1,0
4325,307,5,0,1,2
4326,307,6,0,1,2
4327,307,7,0,1,2
4328,307,8,0,1,1
4329,307,9,0,1,3
4330,307,10,0,1,2
4331,307,11,0,1,2
4332,307,12,0,1,2
4333,307,13,0,1,1
4334,307,14,0,1,2
4335,307,15,0,1,2
4336,307,16,0,1,2
4337,307,17,0,1,3
4338,307,18,0,2,6
4339,307,19,0,2,4
4340,307,20,0,1,3
4341,307,21,0,1,1
4342,307,22,0,2,6
4343,307,23,0,1,1
4344,307,24,0,1,3
4345,307,25,0,1,1
4346,307,26,0,1,3
4347,307,27,0,1,2
4348,307,28,0,1,3
4349,307,29,0,1,3
4350,316,0,2,1,1
4351,316,1,2,4,5
4352,316,2,2,4,8
4353,316,3,2,1,1
4354,316,4,2,4,7
4355,316,5,2,2,3
4356,316,6,2,4,7
4357,316,7,2,2,4
4358,316,8,2,3,5
4359,316,9,2,2,3
4360,316,10,2,5,9
4361,316,11,2,2,4
4362,316,12,2,4,5
4363,316,13,2,1,1
4364,316,14,2,1,2
4365,316,15,2,4,7
4366,316,16,2,1,2
4367,316,17,2,1,2
4368,316,18,2,1,2
4369,316,19,2,2,4
4370,316,20,2,2,4
4371,316,21,2,2,3
4372,316,22,2,4,9
4373,316,23,2,1,1
4374,316,24,2,8,9
4375,316,25,2,2,1
4376,316,26,2,4,6
4377,316,27,2,1,1
4378,316,28,2,2,5
4379,316,29,2,4,5
4380,319,0,0,5,11
4381,319,1,0,2,4
4382,319,2,0,1,3
4383,319,3,0,5,11
4384,319,4,0,3,5
4385,319,5,0,9,18
4386,319,6,0,4,8
4387,319,7,0,5,9
4388,319,8,0,6,11
4389,319,9,0,2,4
4390,319,10,0,3,8
4391,319,11,0,5,8
4392,319,12,0,8,11
4393,319,13,0,1,2
4394,319,14,0,6,13
4395,319,15,0,4,5
4396,319,16,0,1,3
4397,319,17,0,3,4
4398,319,18,0,3,2
4399,319,19,0,1,1
4400,319,20,0,1,1
4401,319,21,0,1,3
4402,319,22,0,5,8
4403,319,23,0,5,7
4404,319,24,0,2,0
4405,319,25,0,2,3
4406,319,26,0,9,22
4407,319,27,0,1,0
4408,319,28,0,2,3
4409,319,29,0,1,2
4410,326,0,0,1,1
4411,326,1,0,1,1
4412,326,2,0,2,4
4413,326,3,0,2,3
4414,326,4,0,2,4
4415,326,5,0,2,2
4416,326,6,0,1,1
4417,326,7,0,1,1
4418,326,8,0,1,3
4419,326,9,0,1,3
4420,326,10,0,2,5
4421,326,11,0,1,3
4422,326,12,0,1,2
4423,326,13,0,1,1
4424,326,14,0,1,3
4425,326,15,0,1,1
4426,326,16,0,1,2
4427,326,17,0,1,3
4428,326,18,0,1,2
4429,326,19,0,1,1
4430,326,20,0,1,3
4431,326,21,0,1,2
4432,326,22,0,1,2
4433,326,23,0,1,2
4434,326,24,0,1,2
4435,326,25,0,1,1
4436,326,26,0,1,1
4437,326,27,0,1,0
4438,326,28,0,1,2
4439,326,29,0,2,3
4440,332,0,0,2,4
4441,332,1,0,1,2
4442,332,2,0,8,15
4443,332,3,0,1,1
4444,332,4,0,10,20
4445,332,5,0,2,4
4446,332,6,0,5,8
4447,332,7,0,2,4
4448,332,8,0,4,5
4449,332,9,0,8,15
4450,332,10,0,4,9
4451,332,11,0,5,15
4452,332,12,0,5,14
4453,332,13,0,4,10
4454,332,14,0,1,2
4455,332,15,0,1,2
4456,332,16,0,1,1
4457,332,17,0,5,12
4458,332,18,0,1,1
4459,332,19,0,1,2
4460,332,20,0,1,2
4461,332,21,0,1,1
4462,332,22,0,4,10
4463,332,23,0,2,7
4464,332,24,0,1,2
4465,332,25,0,1,1
4466,332,26,0,1,2
4467,332,27,0,4,8
4468,332,28,0,1,2
4469,332,29,0,1,3
4470,380,0,2,4,8
4471,380,1,2,2,4
4472,380,2,2,9,16
4473,380,3,2,2,3
4474,380,4,2,2,3
4475,380,5,2,4,6
4476,380,6,2,2,6
4477,380,7,2,2,4
4478,380,8,2,2,5
4479,380,9,2,6,7
4480,380,10,2,2,5
4481,380,11,2,2,3
4482,380,12,2,3,6
4483,380,13,2,2,5
4484,380,14,2,3,5
4485,380,15,2,2,5
4486,380,16,2,4,6
4487,380,17,2,2,7
4488,380,18,2,2,5
4489,380,19,2,2,5
4490,380,20,2,2,2
4491,380,21,2,2,4
4492,380,22,2,2,3
4493,380,23,2,2,4
4494,380,24,2,2,4
4495,380,25,2,2,5
4496,380,26,2,2,4
4497,380,27,2,3,5
4498,380,28,2,2,4
4499,380,29,2,2,3
